Partial_Entity_Name,State,State_Short,Full_Entity_Name,Match_Status,Matched_Name,Confidence_Score
AUBURN CITY SCHOOLS,AL,AL,AL-AUBURN CITY SCHOOLS,Matched,AL- CITY SCHOOLS,0.9169997170345218
CITY OF ANCHORAGE,,AK,AK-CITY OF ANCHORAGE,No Match,,0.0
CITY AND BOROUGH OF JUNEAU,,AK,AK-CITY AND BOROUGH OF JUNEAU,No Match,,0.0
CITY OF KINGMAN,AZ,AZ,AZ-CITY OF KINGMAN,Matched,AZ-CITY OF KINGMAN,1.0
CLARKDALE COUNTY,AZ,AZ,AZ-CLARKDALE COUNTY,Matched,AZ-CLARKDALE JEROME SCHOOL DISTRICT 3,0.713864705882353
NORTHWEST FIRE DISTRICT,AZ,AZ,AZ-NORTHWEST FIRE DISTRICT,Matched,AZ-NORTHWEST CHRISTIAN SCHOOL,0.7304839709796962
PIMA COMMUNITY COLLEGE,AZ,AZ,AZ-PIMA COMMUNITY COLLEGE,Matched,AZ-PIMA COMMUNITY COLLEGE,1.0
PIMA JTED,AZ,AZ,AZ-PIMA JTED,Matched,AZ-PIMA COUNTY JOINT TECHNICAL EDUCATION DISTRICT,0.9658500885303954
SCOTTSDALE USD,AZ,AZ,AZ-SCOTTSDALE USD,Matched,AZ-SCOTTSDALE UNIFIED SCHOOL DISTRICT NO 48,0.9596608391608391
TOWN OF CAMP VERDE,AZ,AZ,AZ-TOWN OF CAMP VERDE,Matched,AZ-TOWN OF CAMP VERDE,1.0
TOWN OF PRESCOTT VALLEY,AZ,AZ,AZ-TOWN OF PRESCOTT VALLEY,Matched,AZ-TOWN OF PRESCOTT VALLEY,1.0
YAVAPAI COUNTY,AZ,AZ,AZ-YAVAPAI COUNTY,Matched,AZ-COUNTY OF YAVAPAI,0.849243968555164
YUMA ESD NO 1,AZ,AZ,AZ-YUMA ESD # 1,Matched,AZ-YUMA SCHOOL DISTRICT ONE,0.848758695652174
BENTONVILLE SD,AR,AR,AR-BENTONVILLE SD,Matched,AR-BENTONVILLE SCHOOL DISTRICT,1.0
CITY OF BELLA VISTA,AR,AR,AR-CITY OF BELLA VISTA,Matched,AR-TOWN OF BELLA VISTA,0.844982456140351
CITY OF CONWAY,AR,AR,AR-CITY OF CONWAY,Matched,AR-CITY OF CONWAY,1.0
CITY OF FAYETTEVILLE,AR,AR,AR-CITY OF FAYETTEVILLE,Matched,AR-CITY OF FAYETTEVILLE,1.0
CITY OF SHERIDAN,AR,AR,AR-CITY OF SHERIDAN,Matched,AR-CITY OF SHERIDAN,1.0
CITY OF SHERWOOD,AR,AR,AR-CITY OF SHERWOOD,Matched,AR-CITY OF SHERWOOD,1.0
CITY OF TEXARKANA,AR,AR,AR-CITY OF TEXARKANA,Matched,AR-CITY OF TEXARKANA,1.0
MONTICELLO SD,AR,AR,AR-MONTICELLO SD,Matched,AR-MONTICELLO SCHOOL DISTRICT,1.0
SPRINGDALE SD,AR,AR,AR-SPRINGDALE SD,Matched,AR-SPRINGDALE SCHOOL DISTRICT,1.0
ANTELOPE VALLEY COMMUNITY COLLEGE DISTRICT,CA,CA,CA-ANTELOPE VALLEY COMMUNITY COLLEGE DISTRICT,Matched,CA-ANTELOPE VALLEY COLLEGE,0.910565934065934
BELLFLOWER USD,CA,CA,CA-BELLFLOWER USD,Matched,CA-BELLFLOWER UNIFIED SCHOOL DISTRICT,1.0
BONITA USD,CA,CA,CA-BONITA USD,Matched,CA-BONITA UNIFIED SCHOOL DISTRICT,1.0
BREA OLINDA USD,CA,CA,CA-BREA OLINDA USD,Matched,CA-BREA OLINDA UNIFIED SCHOOL DISTRICT,1.0
BRET HARTE UNION HSD,CA,CA,CA-BRET HARTE UNION HSD,Matched,CA-BRET HARTE UNION HIGH SCHOOL DISTRICT,1.0
BURLINGAME SD,CA,CA,CA-BURLINGAME SD,Matched,CA-BURLINGAME SCHOOL DISTRICT,1.0
CASTRO VALLEY USD,CA,CA,CA-CASTRO VALLEY USD,Matched,CA-CASTRO VALLEY UNIFIED SCHOOL DISTRICT,1.0
CENTRAL MARIN FIRE AUTHORITY,CA,CA,CA-CENTRAL MARIN FIRE AUTHORITY,Matched,CA-CENTRAL COAST WATER AUTHORITY,0.8127227991609117
CHABOT LAS POSITAS COMMUNITY COLLEGE DISTRICT,CA,CA,CA-CHABOT LAS POSITAS COMMUNITY COLLEGE DISTRICT,Matched,CA-CHABOT COLLEGE CHABOT LAS POSITAS CCD,0.9462571428571429
CITY OF BERKELEY,CA,CA,CA-CITY OF BERKELEY,Matched,CA-CITY OF BERKELEY,1.0
CITY OF FULLERTON,CA,CA,CA-CITY OF FULLERTON,Matched,CA-CITY OF FULLERTON,1.0
CITY OF GILROY,CA,CA,CA-CITY OF GILROY,Matched,CA-CITY OF GILROY,1.0
CITY OF HUNTINGTON BEACH,CA,CA,CA-CITY OF HUNTINGTON BEACH,Matched,CA-CITY OF HUNTINGTON BEACH,1.0
CITY OF LAGUNA BEACH,CA,CA,CA-CITY OF LAGUNA BEACH,Matched,CA-CITY OF LAGUNA BEACH,1.0
CITY OF MANTECA,CA,CA,CA-CITY OF MANTECA,Matched,CA-CITY OF MANTECA,1.0
CITY OF ORLAND,CA,CA,CA-CITY OF ORLAND,Matched,CA-CITY OF ORLAND,1.0
CITY OF PALO ALTO,CA,CA,CA-CITY OF PALO ALTO,Matched,CA-CITY OF PALO ALTO,1.0
CITY OF SANTA MONICA,CA,CA,CA-CITY OF SANTA MONICA,Matched,CA-CITY OF SANTA MONICA,1.0
CITY OF SIGNAL HILL,CA,CA,CA-CITY OF SIGNAL HILL,Matched,CA-CITY OF SIGNAL HILL,1.0
CITY OF SOUTH PASADENA,CA,CA,CA-CITY OF S PASADENA,Matched,CA-CITY OF PASADENA,0.9797745098039216
CITY OF VENTURA,CA,CA,CA-CITY OF VENTURA,Matched,CA-COUNTY OF VENTURA,0.8747613445378151
CITY OF WEST SACRAMENTO,CA,CA,CA-CITY OF W SACRAMENTO,Matched,CA-CITY OF SACRAMENTO,0.9837842105263158
COAST COMMUNITY COLLEGE DISTRICT,CA,CA,CA-COAST COMMUNITY COLLEGE DISTRICT,Matched,CA-COAST COMMUNITY COLLEGE DISTRICT,1.0
COLLEGE OF SEQUOIAS,CA,CA,CA-COLLEGE OF SEQUOIAS,Matched,CA-COLLEGE OF SEQUOIAS,1.0
CONTRA COSTA COMMUNITY COLLEGE DISTRICT,CA,CA,CA-CONTRA COSTA COMMUNITY COLLEGE DISTRICT,Matched,CA-CONTRA COSTA COLLEGE CONTRA COSTA CCD,0.9278762237762238
COSUMNES RIVER COLLEGE,CA,CA,CA-COSUMNES RIVER COLLEGE,Matched,CA-MOUNT SIERRA COLLEGE,0.7354287638287638
CYPRESS SD,CA,CA,CA-CYPRESS SD,Matched,CA-CYPRESS ELEMENTARY SCHOOL DISTRICT,0.933273051554718
DIXON USD,CA,CA,CA-DIXON USD,Matched,CA-DIXON UNIFIED SCHOOL DISTRICT,1.0
DOS PALOS ORO LOMA JOINT USD,CA,CA,CA-DOS PALOS ORO LOMA JOINT USD,Matched,CA-DOS PALOS ORO LOMA UNIFIED SCHOOL DISTRICT,0.9722142857142857
DRY CREEK JOINT ESD,CA,CA,CA-DRY CREEK JOINT ESD,Matched,CA-DRY CREEK JOINT ELEMENTARY SCHOOL DISTRICT,1.0
EAST WHITTIER SD,CA,CA,CA-E WHITTIER SD,Matched,CA-WHITTIER UNION HIGH SCHOOL DISTRICT,0.8924591965411638
EL CAMINO COLLEGE,CA,CA,CA-EL CAMINO COLLEGE,Matched,CA-EL CAMINO COLLEGE,1.0
EL CENTRO ESD,CA,CA,CA-EL CENTRO ESD,Matched,CA-EL CENTRO ELEMENTARY SCHOOL DISTRICT,1.0
EL MONTE UNION HIGH SD,CA,CA,CA-EL MONTE UNION HIGH SD,Matched,CA-EL MONTE UNION HIGH SCHOOL DISTRICT,1.0
EUREKA UNION SD,CA,CA,CA-EUREKA UNION SD,Matched,CA-EUREKA UNION SCHOOL DISTRICT,1.0
FOLSOM-CORDOVA USD,CA,CA,CA-FOLSOM-CORDOVA USD,Matched,CA-FOLSOM CORDOVA UNIFIED SCHOOL DISTRICT,1.0
FOOTHILL-DE ANZA COMMUNITY COLLEGE,CA,CA,CA-FOOTHILL-DE ANZA COMMUNITY COLLEGE,Matched,CA-FOOTHILL COLLEGE FOOTHILL-DEANZA CCD,0.8147212105618629
GILROY USD,CA,CA,CA-GILROY USD,Matched,CA-GILROY UNIFIED SCHOOL DISTRICT,1.0
GLENDALE USD,CA,CA,CA-GLENDALE USD,Matched,CA-GLENDALE UNIFIED SCHOOL DISTRICT,1.0
GLENDORA USD,CA,CA,CA-GLENDORA USD,Matched,CA-GLENDORA UNIFIED SCHOOL DISTRICT,1.0
GROSSMONT-CUYAMACA COMMUNITY COLLEGE DISTRICT,CA,CA,CA-GROSSMONT-CUYAMACA COMMUNITY COLLEGE DISTRICT,Matched,CA-GROSSMONT CUYAMACA COMMUNITY COLLEGE,0.9653666666666667
HARTNELL COLLEGE,CA,CA,CA-HARTNELL COLLEGE,Matched,CA-HARTNELL COLLEGE HARTNELL CCD,0.8403552036199096
LA CAADA USD,CA,CA,CA-LA CAADA USD,Matched,CA-LA CANADA UNIFIED SCHOOL DISTRICT,0.9818227272727273
LA MESA-SPRING VALLEY SCHOOLS,CA,CA,CA-LA MESA-SPRING VALLEY SCHOOLS,Matched,CA-LA MESA SPRING VALLEY SCHOOL DISTRICT,0.9089680589680591
LA MESA-SPRING VALLEY SD,CA,CA,CA-LA MESA-SPRING VALLEY SD,Matched,CA-LA MESA SPRING VALLEY SCHOOL DISTRICT,1.0
LAGUNA BEACH USD,CA,CA,CA-LAGUNA BEACH USD,Matched,CA-LAGUNA BEACH UNIFIED SCHOOL DISTRICT,1.0
LAKEPORT USD,CA,CA,CA-LAKEPORT USD,Matched,CA-LAKEPORT UNIFIED SCHOOL DISTRICT,1.0
LAWNDALE ELEMENTARY SD,CA,CA,CA-LAWNDALE ELEMENTARY SD,Matched,CA-LAWNDALE ELEMENTARY SCHOOL DISTRICT,1.0
LIVERMORE VALLEY JOINT USD,CA,CA,CA-LIVERMORE VALLEY JOINT USD,Matched,CA-LIVERMORE VALLEY JOINT UNIFIED SCHOOL DISTRICT,1.0
LOS BAOS USD,CA,CA,CA-LOS BAOS USD,Matched,CA-LOS BANOS UNIFIED SCHOOL DISTRICT,0.9825727272727274
LOS RIOS COMMUNITY COLLEGE DISTRICT,CA,CA,CA-LOS RIOS COMMUNITY COLLEGE DISTRICT,Matched,CA-LOS RIOS CCD,1.0
MANTECA USD,CA,CA,CA-MANTECA USD,Matched,CA-MANTECA UNIFIED SCHOOL DISTRICT,1.0
MENDOCINO COAST HEALTH CARE DISTRICT,CA,CA,CA-MENDOCINO COAST HEALTH CARE DISTRICT,Matched,CA-COUNTY OF SONOMA HEALTH CARE DISTRICT,0.7653672734378214
MODESTO JUNIOR COLLEGE,CA,CA,CA-MODESTO JUNIOR COLLEGE,Matched,CA-CAMBRIDGE JUNIOR COLLEGE,0.7538726833552921
MONTEREY PENINSULA USD,CA,CA,CA-MONTEREY PENINSULA USD,Matched,CA-MONTEREY PENINSULA UNIFIED SCHOOL DISTRICT,1.0
MORGAN HILL USD,CA,CA,CA-MORGAN HILL USD,Matched,CA-MORGAN HILL UNIFIED SCHOOL DISTRICT,1.0
MOUNTAIN EMPIRE USD,CA,CA,CA-MOUNTAIN EMPIRE USD,Matched,CA-MOUNTAIN EMPIRE UNIFIED SCHOOL DISTRICT,1.0
MT DIABLO USD,CA,CA,CA-MT DIABLO USD,Matched,CA-MT DIABLO UNIFIED SCHOOL DISTRICT,1.0
MURRIETA VALLEY USD,CA,CA,CA-MURRIETA VALLEY USD,Matched,CA-MURRIETA VALLEY UNIFIED SCHOOL DISTRICT,1.0
NEWCASTLE ESD,CA,CA,CA-NEWCASTLE ESD,Matched,CA-NEWCASTLE ELEMENTARY SCHOOL DISTRICT,1.0
OAKLAND USD,CA,CA,CA-OAKLAND USD,Matched,CA-OAKLAND UNIFIED SCHOOL DISTRICT_OUSD,0.9514003316749586
OAKLEY UNION ELEMENTARY USD,CA,CA,CA-OAKLEY UNION ELEMENTARY USD,Matched,CA-OAKLEY UNION ELEMENTARY SCHOOL DISTRICT,0.9675597952270392
OAKLEY UNION ESD,CA,CA,CA-OAKLEY UNION ESD,Matched,CA-OAKLEY UNION ELEMENTARY SCHOOL DISTRICT,1.0
OROVILLE UNION HIGH SD,CA,CA,CA-OROVILLE UNION HIGH SD,Matched,CA-OROVILLE UNION HIGH SCHOOL DISTRICT,1.0
PALM SPRINGS USD,CA,CA,CA-PALM SPRINGS USD,Matched,CA-PALM SPRINGS UNIFIED SCHOOL DISTRICT,1.0
PARAMOUNT USD,CA,CA,CA-PARAMOUNT USD,Matched,CA-PARAMOUNT UNIFIED SCHOOL DISTRICT,1.0
PASO ROBLES JOINT USD,CA,CA,CA-PASO ROBLES JOINT USD,Matched,CA-PASO ROBLES JOINT UNIFIED SCHOOL DISTRICT,1.0
PLACENTIA-YORBA LINDA USD,CA,CA,CA-PLACENTIA-YORBA LINDA USD,Matched,CA-PLACENTIA YORBA LINDA UNIFIED SCHOOL DISTRICT,1.0
POWAY UNIFIED SCHOOL DISTRICT,CA,CA,CA-POWAY UNIFIED SCHOOL DISTRICT,Matched,CA-POWAY UNIFIED SCHOOL DISTRICT,1.0
REDLANDS USD,CA,CA,CA-REDLANDS USD,Matched,CA-REDLANDS UNIFIED SCHOOL DISTRICT,1.0
REDWOOD CITY SD,CA,CA,CA-REDWOOD CITY SD,Matched,CA-REDWOOD CITY ELEMENTARY SCHOOL DISTRICT,0.9435292766934558
REED UNION SD,CA,CA,CA-REED UNION SD,Matched,CA-UNION SCHOOL DISTRICT,0.9497084015275504
SALINAS CITY ESD,CA,CA,CA-SALINAS CITY ESD,Matched,CA-SALINAS CITY ELEMENTARY SCHOOL DISTRICT,1.0
SAN BERNARDINO TRANSPORTATION AUTHORITY,CA,CA,CA-SAN BERNARDINO TRANSPORTATION AUTHORITY,Matched,CA-SANTA CLARA VALLEY TRANSPORTATION AUTHORITY,0.7935985031827064
SAN BERNARDINO COMMUNITY COLLEGE DISTRICT,CA,CA,CA-SAN BERNARDINO COMMUNITY COLLEGE DISTRICT,Matched,CA-SAN DIEGO COMMUNITY COLLEGE DISTRICT,0.9011084820328723
SAN DIEGO COUNTY,CA,CA,CA-SAN DIEGO COUNTY,Matched,CA-COUNTY OF SAN DIEGO TRANSIT,0.8716804478897502
SAN DIEGO USD,CA,CA,CA-SAN DIEGO USD,Matched,CA-SAN DIEGO UNIFIED SCHOOL DISTRICT,1.0
SAN DIEGUITO UNION HIGH SD,CA,CA,CA-SAN DIEGUITO UNION HIGH SD,Matched,CA-SAN DIEGUITO UNION HIGH SCHOOL DISTRICT,1.0
SAN JOS EVERGREEN COMMUNITY COLLEGE,CA,CA,CA-SAN JOS EVERGREEN COMMUNITY COLLEGE,Matched,CA-SAN JOSE CITY COLLEGE SAN JOSE EVERGREEN CCD,0.8581902546093064
SAN MATEO COMMUNITY COLLEGE DISTRICT,CA,CA,CA-SAN MATEO COMMUNITY COLLEGE DISTRICT,Matched,CA-CANADA COLLEGE SAN MATEO CCD,0.9242678611674555
SAN MATEO COUNTY OFFICE OF EDUCATION,CA,CA,CA-SAN MATEO COUNTY OFFICE OF EDUCATION,Matched,CA-COUNTY OF SAN MATEO OFFICE OF EDUCATION,0.9459452991452991
SAN MATEO-FOSTER CITY SD,CA,CA,CA-SAN MATEO-FOSTER CITY SD,Matched,CA-SAN MATEO-FOSTER CITY SCHOOL DISTRICT,1.0
SANTA CLARA USD,CA,CA,CA-SANTA CLARA USD,Matched,CA-SANTA CLARA UNIFIED SCHOOL DISTRICT,1.0
SANTA ROSA JUNIOR COLLEGE,CA,CA,CA-SANTA ROSA JUNIOR COLLEGE,Matched,CA-SANTA ROSA JUNIOR COLLEGE SONOMA COUNTY CCD,0.863524975024975
SIMI VALLEY USD,CA,CA,CA-SIMI VALLEY USD,Matched,CA-SIMI VALLEY UNIFIED SCHOOL DISTRICT,1.0
SOUTH ORANGE COUNTY COMMUNITY COLLEGE DISTRICT,CA,CA,CA-S ORANGE COUNTY COMMUNITY COLLEGE DISTRICT,Matched,CA-SOUTH ORANGE COUNTY COMMUNITY COLLEGE DISTRICT,0.9545721626199887
SULPHUR SPRINGS UNION SD,CA,CA,CA-SULPHUR SPRINGS UNION SD,Matched,CA-SULPHUR SPRINGS UNION ELEMENTARY SCHOOL DISTRICT,0.9549300476947535
SUMMERVILLE UNION HSD,CA,CA,CA-SUMMERVILLE UNION HSD,Matched,CA-SUMMERVILLE SCHOOL DISTRICT,0.9419116059379217
TEHACHAPI USD,CA,CA,CA-TEHACHAPI USD,Matched,CA-TEHACHAPI UNIFIED SCHOOL DISTRICT,1.0
TEMECULA VALLEY USD,CA,CA,CA-TEMECULA VALLEY USD,Matched,CA-TEMECULA VALLEY UNIFIED SCHOOL DISTRICT,1.0
TOWN OF ROSS,CA,CA,CA-TOWN OF ROSS,Matched,CA-TOWN OF ROSS,1.0
TRUCKEE DONNER RECREATION AND PARK DISTRICT,CA,CA,CA-TRUCKEE DONNER RECREATION AND PARK DISTRICT,Matched,CA-PARK DISTRICT,0.7987858420649119
TWIN HILLS UNION SD,CA,CA,CA-TWIN HILLS UNION SD,Matched,CA-TWIN HILLS UNION SCHOOL DISTRICT,1.0
UKIAH USD,CA,CA,CA-UKIAH USD,Matched,CA-UKIAH UNIFIED SCHOOL DISTRICT,1.0
UNIVERSITY OF CALIFORNIA DAVIS,CA,CA,CA-UNIVERSITY OF CALIFORNIA DAVIS,Matched,CA-UNIVERSITY OF CALIFORNIA DAVIS,1.0
VACAVILLE USD,CA,CA,CA-VACAVILLE USD,Matched,CA-VACAVILLE UNIFIED SCHOOL DISTRICT,1.0
VISALIA USD,CA,CA,CA-VISALIA USD,Matched,CA-VISALIA UNIFIED SCHOOL DISTRICT,1.0
WASHINGTON USD,CA,CA,CA-WASHINGTON USD,Matched,CA-WASHINGTON UNIFIED SCHOOL DISTRICT - FRESNO,0.9712024390243902
WEST CONTRA COSTA USD,CA,CA,CA-W CONTRA COSTA USD,Matched,CA-WEST CONTRA COSTA UNIFIED SCHOOL DISTRICT,0.9514562600542728
WESTERN PLACER USD,CA,CA,CA-WESTERN PLACER USD,Matched,CA-WESTERN PLACER UNIFIED SCHOOL DISTRICT,1.0
WESTMINSTER SD,CA,CA,CA-WESTMINSTER SD,Matched,CA-WESTMINSTER SCHOOL DISTRICT,1.0
YOSEMITE COMMUNITY COLLEGE DISTRICT,CA,CA,CA-YOSEMITE COMMUNITY COLLEGE DISTRICT,Matched,CA-YOSEMITE COMMUNITY COLLEGE DISTRICT,1.0
YOSEMITE USD,CA,CA,CA-YOSEMITE USD,Matched,CA-LODI UNIFIED SCHOOL DISTRICT,0.8704505494505494
ADAMS COUNTY,,CO,CO-ADAMS COUNTY,No Match,,0.0
ARCHULETA SD,,CO,CO-ARCHULETA SD,No Match,,0.0
CITY OF AURORA,,CO,CO-CITY OF AURORA,No Match,,0.0
CITY OF GRAND JUNCTION,,CO,CO-CITY OF GRAND JUNCTION,No Match,,0.0
COLORADO SPRINGS SD 11,,CO,CO-COLORADO SPRINGS SD 11,No Match,,0.0
COLORADO STATE UNIVERSITY,,CO,CO-COLORADO STATE UNIVERSITY,No Match,,0.0
ESTES PARK SD,,CO,CO-ESTES PARK SD,No Match,,0.0
GREELEY-EVANS SCHOOL DISTRICT 6,,CO,CO-GREELEY-EVANS SCHOOL DISTRICT 6,No Match,,0.0
JEFFERSON COUNTY,,CO,CO-JEFFERSON COUNTY,No Match,,0.0
LARIMER COUNTY,,CO,CO-LARIMER COUNTY,No Match,,0.0
NORTH CONEJOS SD,,CO,CO-N CONEJOS SD,No Match,,0.0
OURAY SD,,CO,CO-OURAY SD,No Match,,0.0
SUMMIT SCHOOL DISTRICT,,CO,CO-SUMMIT SCHOOL DISTRICT,No Match,,0.0
TOWN OF GYPSUM,,CO,CO-TOWN OF GYPSUM,No Match,,0.0
TOWN OF TIMNATH,,CO,CO-TOWN OF TIMNATH,No Match,,0.0
WELD COUNTY,,CO,CO-WELD COUNTY,No Match,,0.0
BRIDGEPORT PUBLIC SCHOOLS,CT,CT,CT-BRIDGEPORT PUBLIC SCHOOLS,Matched,CT-BRIDGEPORT PUBLIC SCHOOL SYSTEM,0.9274138248847926
MILFORD PUBLIC SCHOOLS,CT,CT,CT-MILFORD PUBLIC SCHOOLS,Matched,CT-MILFORD PUBLIC SCHOOLS,1.0
TOWN OF MADISON,CT,CT,CT-TOWN OF MADISON,Matched,CT-TOWN OF MADISON,1.0
TOWN OF WATERTOWN,CT,CT,CT-TOWN OF WATERTOWN,Matched,CT-TOWN OF WATERTOWN,1.0
VERNON PUBLIC SCHOOLS,CT,CT,CT-VERNON PUBLIC SCHOOLS,Matched,CT-AVON PUBLIC SCHOOLS,0.8784856585909219
CAPTIVA ISLAND FIRE CONTROL DISTRICT,,FL,FL-CAPTIVA ISLAND FIRE CONTROL DISTRICT,No Match,,0.0
CITY OF BOCA RATON,FL,FL,FL-CITY OF BOCA RATON,Matched,FL-CITY OF BOCA RATON,1.0
CITY OF ST PETERSBURG,FL,FL,FL-CITY OF ST PETERSBURG,Matched,FL-CITY OF ST PETERSBURG,1.0
CITY OF TEMPLE TERRACE,FL,FL,FL-CITY OF TEMPLE TERRACE,Matched,FL-CITY OF TEMPLE TERRACE,1.0
HERNANDO COUNTY SCHOOL DISTRICT,FL,FL,FL-HERNANDO COUNTY SCHOOL DISTRICT,Matched,FL-HERNANDO COUNTY SCHOOL DISTRICT,1.0
OSCEOLA COUNTY,FL,FL,FL-OSCEOLA COUNTY,Matched,FL-OSCEOLA COUNTY SCHOOL DISTRICT,0.8895636363636363
SARASOTA COUNTY,FL,FL,FL-SARASOTA COUNTY,Matched,FL-SARASOTA COUNTY SCHOOL DISTRICT,0.8933737727910238
UNIVERSITY OF NORTH FLORIDA,FL,FL,FL-UNIVERSITY OF N FLORIDA,Matched,FL-UNIVERSITY OF FLORIDA,0.9849584980237154
ATHENS-CLARKE COUNTY,GA,GA,GA-ATHENS-CLARKE COUNTY,Matched,GA-COUNTY OF ATHENS-CLARKE,0.9093624873609707
ATLANTA PUBLIC SCHOOLS,GA,GA,GA-ATLANTA PUBLIC SCHOOLS,Matched,GA-ATLANTA PUBLIC SCHOOLS,1.0
CITY OF AUGUSTA,GA,GA,GA-CITY OF AUGUSTA,Matched,GA-CITY OF AUSTELL,0.8624
DECATUR CITY SCHOOLS,GA,GA,GA-DECATUR CITY SCHOOLS,Matched,GA-DECATUR CITY SCHOOL DISTRICT,0.8746857142857143
FORSYTH COUNTY,GA,GA,GA-FORSYTH COUNTY,Matched,GA-FORSYTH COUNTY SCHOOL DISTRICT,0.8895636363636363
SPALDING COUNTY,GA,GA,GA-SPALDING COUNTY,Matched,GA-COUNTY OF SPALDING,0.8642373737373737
UNION COUNTY,GA,GA,GA-UNION COUNTY,Matched,GA-UNION COUNTY SCHOOL DISTRICT,0.8782857142857143
KIMBERLY SD,ID,ID,ID-KIMBERLY SD,Matched,ID-KIMBERLY SCHOOL DISTRICT 414,0.9753406593406593
BALL CHATHAM CUSD5,IL,IL,IL-BALL CHATHAM CUSD5,Matched,IL-BALL CHATHAM COMMUNITY UNIT SCHOOL DISTRICT 5,0.7625825396825396
CITY OF BATAVIA,IL,IL,IL-CITY OF BATAVIA,Matched,IL-CITY OF BATAVIA,1.0
CITY OF GENEVA,IL,IL,IL-CITY OF GENEVA,Matched,IL-CITY OF GENEVA,1.0
CITY OF PROSPECT HEIGHTS,IL,IL,IL-CITY OF PROSPECT HEIGHTS,Matched,IL-CITY OF PROSPECT HEIGHTS,1.0
COLLEGE OF DUPAGE,IL,IL,IL-COLLEGE OF DUPAGE,Matched,IL-COLLEGE OF DUPAGE,1.0
DEERFIELD PUBLIC SD 109,IL,IL,IL-DEERFIELD PUBLIC SD 109,Matched,IL-DEERFIELD SCHOOL DISTRICT 109,0.959289566755084
DUNDEE TOWNSHIP PARK DISTRICT,IL,IL,IL-DUNDEE TOWNSHIP PARK DISTRICT,Matched,IL-TOWNSHIP OF DUNDEE,0.7908947338387544
EAST AURORA SCHOOL DISTRICT 131,IL,IL,IL-E AURORA SCHOOL DISTRICT 131,Matched,IL-EAST AURORA SCHOOL DISTRICT 131,0.9482287198312895
EFFINGHAM UNIT 40 SCHOOLS,IL,IL,IL-EFFINGHAM UNIT 40 SCHOOLS,Matched,IL-EFFINGHAM COMMUNITY UNIT SCHOOL DISTRICT 40,0.7984756819128056
EVERGREEN PARK ESD 124,IL,IL,IL-EVERGREEN PARK ESD 124,Matched,IL-EVERGREEN PARK ELEMENTARY SCHOOL DISTRICT 124,1.0
GLENBROOK HSD,IL,IL,IL-GLENBROOK HSD,Matched,IL-GLENBARD TOWNSHIP HIGH SCHOOL DISTRICT 87,0.8195960870916557
GLENCOE PUBLIC LIBRARY,IL,IL,IL-GLENCOE PUBLIC LIBRARY,Matched,IL-PENN PUBLIC LIBRARY,0.8172989950093703
HIGH SCHOOL DISTRICT 214,IL,IL,IL-HIGH SCHOOL DISTRICT 214,Matched,IL-TOWNSHIP HIGH SCHOOL DISTRICT 214,0.9311435406698565
LAWRENCE PUBLIC LIBRARY DISTRICT,IL,IL,IL-LAWRENCE PUBLIC LIBRARY DISTRICT,Matched,IL-TOULON PUBLIC LIBRARY DISTRICT,0.8325887510339124
LINCOLNWOOD SD 74,IL,IL,IL-LINCOLNWOOD SD 74,Matched,IL-LINCOLNWOOD SCHOOL DISTRICT 74,1.0
MORAINE VALLEY COMMUNITY COLLEGE,IL,IL,IL-MORAINE VALLEY COMMUNITY COLLEGE,Matched,IL-MORAINE VALLEY COMMUNITY COLLEGE,1.0
NAPERVILLE PARK DISTRICT,IL,IL,IL-NAPERVILLE PARK DISTRICT,Matched,IL-NORRIDGE PARK DISTRICT,0.7802110671936758
OSWEGO CUSD 308,IL,IL,IL-OSWEGO CUSD 308,Matched,IL-OSWEGO COMMUNITY UNIT SCHOOL DISTRICT 308,0.7076596980255517
PEORIA COUNTY,IL,IL,IL-PEORIA COUNTY,Matched,IL-COUNTY OF PEORIA,0.8592705570291777
RIVERBEND COMMUNITY UNIT SD,IL,IL,IL-RIVERBEND COMMUNITY UNIT SD,Matched,IL-RIVERBEND SCHOOL DISTRICT,0.9220876923076924
ROCKFORD PUBLIC SCHOOLS 205,IL,IL,IL-ROCKFORD PUBLIC SCHOOLS 205,Matched,IL-ROCKFORD SCHOOL DISTRICT 205,0.8386851956417174
SHAWNEE COMMUNITY COLLEGE,IL,IL,IL-SHAWNEE COMMUNITY COLLEGE,Matched,IL-WAUBONSEE COMMUNITY COLLEGE,0.8464940170940172
SOUTHERN ILLINOIS UNIVERSITY CARBONDALE,IL,IL,IL-SOUTHERN ILLINOIS UNIVERSITY CARBONDALE,Matched,IL-SOUTHERN ILLINOIS UNIVERSITY,0.9495292766934558
ST CHARLES CLOUD CUSD 303,IL,IL,IL-ST CHARLES CLOUD CUSD 303,Matched,IL-ST CHARLES COMMUNITY UNIT SCHOOL DISTRICT 303,0.7666019047619048
SUNSET RIDGE SD 29,IL,IL,IL-SUNSET RIDGE SD 29,Matched,IL-SUNSET RIDGE SCHOOL DISTRICT 29,1.0
TRI-STATE FIRE PROTECTION DISTRICT,,IL,IL-TRI-STATE FIRE PROTECTION DISTRICT,No Match,,0.0
VILLAGE OF BROOKFIELD,IL,IL,IL-VILLAGE OF BROOKFIELD,Matched,IL-VILLAGE OF BROOKFIELD,1.0
VILLAGE OF GLEN CARBON,IL,IL,IL-VILLAGE OF GLEN CARBON,Matched,IL-VILLAGE OF GLEN CARBON,1.0
VILLAGE OF LA GRANGE PARK,IL,IL,IL-VILLAGE OF LA GRANGE PARK,Matched,IL-VILLAGE OF LA GRANGE PARK,1.0
VILLAGE OF RIVERSIDE,IL,IL,IL-VILLAGE OF RIVERSIDE,Matched,IL-VILLAGE OF RIVERSIDE,1.0
YORKVILLE SD 115,IL,IL,IL-YORKVILLE SD 115,Matched,IL-YORKVILLE SCHOOL DISTRICT 115,1.0
YORKVILLE SD 155,IL,IL,IL-YORKVILLE SD 155,Matched,IL-YORKVILLE SCHOOL DISTRICT 115,0.9778896551724138
WESTERN SCHOOL,IN,IN,IN-WESTERN SCHOOL,Matched,IN-WESTERN SCHOOL,1.0
ADAIRCASEY AND GUTHRIE CENTER SD,IA,IA,IA-ADAIRCASEY AND GUTHRIE CENTER SD,Matched,IA-GUTHRIE CENTER COMMUNITY SCHOOL DISTRICT,0.8054884220354808
CENTRAL DEWITT CSD,IA,IA,IA-CENTRAL DEWITT CSD,Matched,IA-CENTRAL DEWITT COMMUNITY SCHOOL DISTRICT,0.9568714217670874
CITY OF BELLEVUE,IA,IA,IA-CITY OF BELLEVUE,Matched,IA-CITY OF BELLEVUE,1.0
CITY OF MARION,IA,IA,IA-CITY OF MARION,Matched,IA-CITY OF MARION,1.0
CITY OF URBANDALE,IA,IA,IA-CITY OF URBANDALE,Matched,IA-CITY OF URBANDALE,1.0
COLUMBUS CSD,IA,IA,IA-COLUMBUS CSD,Matched,IA-COLUMBUS COMMUNITY SCHOOL DISTRICT,0.8545652406417112
DAVENPORT CSD,IA,IA,IA-DAVENPORT CSD,Matched,IA-DAVENPORT COMMUNITY SCHOOL DISTRICT,0.8749148608659765
EASTON VALLEY CSD,IA,IA,IA-EASTON VALLEY CSD,Matched,IA-WEST CENTRAL VALLEY COMMUNITY SCHOOL DISTRICT,0.8412617373471032
GEORGE-LITTLE ROCK CSD,IA,IA,IA-GEORGE-LITTLE ROCK CSD,Matched,IA-GEORGE LITTLE ROCK COMMUNITY SCHOOL DISTRICT,0.9126494052255374
IOWA CITY CSD,IA,IA,IA-IOWA CITY CSD,Matched,IA-IOWA CITY COMMUNITY SCHOOL DISTRICT,0.8704148608659764
JOHNSON COUNTY,IA,IA,IA-JOHNSON COUNTY,Matched,IA-COUNTY OF JOHNSON,0.8642355651938195
LINN-MAR CSD,IA,IA,IA-LINN-MAR CSD,Matched,IA-LINN-MAR COMMUNITY SCHOOL DISTRICT,0.8725652406417113
URBANDALE CSD,IA,IA,IA-URBANDALE CSD,Matched,IA-URBANDALE COMMUNITY SCHOOL DISTRICT,0.8749148608659765
CITY OF WICHITA,KS,KS,KS-CITY OF WICHITA,Matched,KS-CITY OF WICHITA,1.0
CLAY COUNTY USD 379,KS,KS,KS-CLAY COUNTY USD 379,Matched,KS-CLAY COUNTY UNIFIED SCHOOL DISTRICT 379,1.0
DE SOTO USD 232,KS,KS,KS-DE SOTO USD 232,Matched,KS-USD 232 DE SOTO,0.9531428571428572
DERBY PUBLIC SCHOOLS,KS,KS,KS-DERBY PUBLIC SCHOOLS,Matched,KS-ARGONIA PUBLIC SCHOOLS,0.8048558441558442
HIAWATHA USD 415,KS,KS,KS-HIAWATHA USD 415,Matched,KS-USD 415 HIAWATHA,0.9408243727598566
JEFFERSON WEST USD 340,KS,KS,KS-JEFFERSON W USD 340,Matched,KS-JEFFERSON WEST UNIFIED SCHOOL DISTRICT 340,0.9621566544566544
JOHNSON COUNTY COMMUNITY COLLEGE,KS,KS,KS-JOHNSON COUNTY COMMUNITY COLLEGE,Matched,KS-JOHNSON COUNTY COMMUNITY COLLEGE,1.0
MCPHERSON PUBLIC SCHOOLS,KS,KS,KS-MCPHERSON PUBLIC SCHOOLS,Matched,KS-ARGONIA PUBLIC SCHOOLS,0.7749282389108476
MOREHEAD STATE UNIVERSITY,KS,KS,KS-MOREHEAD STATE UNIVERSITY,Matched,KS-EMPORIA STATE UNIVERSITY,0.8537783549783551
MORRIS COUNTY USD 417,KS,KS,KS-MORRIS COUNTY USD 417,Matched,KS-USD 417 MORRIS COUNTY,0.9326016260162602
NEWTON PUBLIC SCHOOLS,KS,KS,KS-NEWTON PUBLIC SCHOOLS,Matched,KS-ARGONIA PUBLIC SCHOOLS,0.7952619995143935
NORTH LYON COUNTY USD 251,KS,KS,KS-N LYON COUNTY USD 251,Matched,KS-USD 251 NORTH LYON COUNTY,0.9049930106510368
OLATHE PUBLIC SCHOOLS,KS,KS,KS-OLATHE PUBLIC SCHOOLS,Matched,KS-ARGONIA PUBLIC SCHOOLS,0.7929090583379229
RUSSELL USD 407,KS,KS,KS-RUSSELL USD 407,Matched,KS-USD 407 RUSSELL COUNTY,0.920404761904762
WELLINGTON USD 353,KS,KS,KS-WELLINGTON USD 353,Matched,KS-USD 353 WELLINGTON,0.9353429027113238
WICHITA SD,KS,KS,KS-WICHITA SD,Matched,KS-USD 259 WICHITA,0.8846225101734847
LOGAN COUNTY SCHOOLS,KY,KY,KY-LOGAN COUNTY SCHOOLS,Matched,KY-BOYLE COUNTY SCHOOLS,0.8208078431372549
LOUISVILLE AND JEFFERSON RIVERPORT AUTHORITY,KY,KY,KY-LOUISVILLE AND JEFFERSON RIVERPORT AUTHORITY,Matched,KY-LOUISVILLE METRO HOUSING AUTHORITY,0.7927737967914439
CALCASIEU PARISH SCHOOLS,LA,LA,LA-CALCASIEU PARISH SCHOOLS,Matched,LA-CALCASIEU PARISH SCHOOL BOARD,0.9115003686835828
CITY OF NEW ORLEANS,LA,LA,LA-CITY OF NEW ORLEANS,Matched,LA-CITY OF NEW ORLEANS,1.0
EAST BATON ROUGE PARISH LIBRARY DISTRICT,LA,LA,LA-E BATON ROUGE PARISH LIBRARY DISTRICT,Matched,LA-PARISH OF WEST BATON ROUGE SCHOOL DISTRICT,0.7815698260997975
EAST BATON ROUGH SCHOOLS,LA,LA,LA-E BATON ROUGH SCHOOLS,Matched,LA-EAST BATON ROUGE PARISH SCHOOL BOARD,0.7209819548872181
JEFF DAVIS PARISH,LA,LA,LA-JEFF DAVIS PARISH,Matched,LA-JEFFERSON DAVIS PARISH SCHOOL BOARD,0.7814480930833873
NATCHITOCHES PARISH SCHOOLS,LA,LA,LA-NATCHITOCHES PARISH SCHOOLS,Matched,LA-NATCHITOCHES PARISH SCHOOL DISTRICT,0.9031447004608295
PLAQUEMINES PARISH PUBLIC SCHOOLS,LA,LA,LA-PLAQUEMINES PARISH PUBLIC SCHOOLS,Matched,LA-PLAQUEMINES PARISH SCHOOL BOARD,0.859414146844792
CITY OF SOUTH PORTLAND,ME,ME,ME-CITY OF S PORTLAND,Matched,ME-CITY OF PORTLAND,0.9812745098039216
ANNE ARUNDEL COUNTY PUBLIC SCHOOLS,MD,MD,MD-ANNE ARUNDEL COUNTY PUBLIC SCHOOLS,Matched,MD-COUNTY OF ANNE ARUNDEL,0.8151216195569138
BETHESDA COUNTY PUBLIC SCHOOLS,MD,MD,MD-BETHESDA COUNTY PUBLIC SCHOOLS,Matched,MD-WASHINGTON COUNTY PUBLIC SCHOOLS,0.7814758478081059
HAGERSTOWN COMMUNITY COLLEGE,MD,MD,MD-HAGERSTOWN COMMUNITY COLLEGE,Matched,MD-HAGERSTOWN COMMUNITY COLLEGE,1.0
HOWARD COMMUNITY COLLEGE,MD,MD,MD-HOWARD COMMUNITY COLLEGE,Matched,MD-HOWARD COMMUNITY COLLEGE,1.0
PRINCE GEORGES COUNTY PUBLIC SCHOOLS,MD,MD,MD-PRINCE GEORGES COUNTY PUBLIC SCHOOLS,Matched,MD-COUNTY OF PRINCE GEORGES,0.8147975845410629
TOWSON UNIVERSITY,MD,MD,MD-TOWSON UNIVERSITY,Matched,MD-TOWSON UNIVERSITY,1.0
WASHINGTON COUNTY PUBLIC SCHOOLS,MD,MD,MD-WASHINGTON COUNTY PUBLIC SCHOOLS,Matched,MD-WASHINGTON COUNTY PUBLIC SCHOOLS,1.0
WICOMICO COUNTY PUBLIC SCHOOLS,MD,MD,MD-WICOMICO COUNTY PUBLIC SCHOOLS,Matched,MD-WASHINGTON COUNTY PUBLIC SCHOOLS,0.8145191935483871
BARNSTABLE COUNTY,MA,MA,MA-BARNSTABLE COUNTY,Matched,MA-COUNTY OF BARNSTABLE,0.8776883942766296
BLACKSTONE-MILLVILLE REGIONAL SD,MA,MA,MA-BLACKSTONE-MILLVILLE REGIONAL SD,Matched,MA-BLACKSTONE-MILLVILLE REG SD,0.9465745098039215
BRAINTREE PUBLIC SCHOOLS,MA,MA,MA-BRAINTREE PUBLIC SCHOOLS,Matched,MA-LEE PUBLIC SCHOOLS,0.8521422035480859
CITY OF PITTSVILLE,MA,MA,MA-CITY OF PITTSVILLE,Matched,MA-CITY OF PITTSFIELD,0.8891888888888889
LEXINGTON PUBLIC SCHOOLS,MA,MA,MA-LEXINGTON PUBLIC SCHOOLS,Matched,MA-LEXINGTON PUBLIC SCHOOLS,1.0
MARTHAS VINEYARD PUBLIC SCHOOLS,MA,MA,MA-MARTHAS VINEYARD PUBLIC SCHOOLS,Matched,MA-MARTHAS VINEYARD PUBLIC SCHOOLS,1.0
TOWN OF DEDHAM,MA,MA,MA-TOWN OF DEDHAM,Matched,MA-TOWN OF DEDHAM,1.0
TOWN OF NORTH READING,MA,MA,MA-TOWN OF N READING,Matched,MA-TOWN OF READING,0.9758764705882352
TOWN OF WAYLAND,MA,MA,MA-TOWN OF WAYLAND,Matched,MA-TOWN OF WAYLAND,1.0
TOWN OF WESTON,MA,MA,MA-TOWN OF WESTON,Matched,MA-TOWN OF WESTON,1.0
WESTWOOD PUBLIC SCHOOLS,MA,MA,MA-WESTWOOD PUBLIC SCHOOLS,Matched,MA-WESTWOOD PUBLIC SCHOOLS,1.0
WINCHESTER PUBLIC SCHOOLS,MA,MA,MA-WINCHESTER PUBLIC SCHOOLS,Matched,MA-WINCHENDON PUBLIC SCHOOLS,0.88992
ADRIAN PUBLIC SCHOOL DISTRICT,MI,MI,MI-ADRIAN PUBLIC SCHOOL DISTRICT,Matched,MI-MARION PUBLIC SCHOOL DISTRICT,0.8990318007662834
ALPENA PUBLIC SCHOOLS,MI,MI,MI-ALPENA PUBLIC SCHOOLS,Matched,MI-ALPENA PUBLIC SCHOOLS,1.0
BAY CITY PUBLIC SCHOOLS,MI,MI,MI-BAY CITY PUBLIC SCHOOLS,Matched,MI-BOYNE CITY PUBLIC SCHOOLS,0.9356973913043478
BRIGHTON AREA SCHOOLS,MI,MI,MI-BRIGHTON AREA SCHOOLS,Matched,MI-BRIGHTON AREA SCHOOL DISTRICT,0.8801103448275862
CITY OF GROSSE POINTE PARK,MI,MI,MI-CITY OF GROSSE POINTE PARK,Matched,MI-CITY OF GROSSE POINTE PARK,1.0
CITY OF JACKSON,MI,MI,MI-CITY OF JACKSON,Matched,MI-CITY OF JACKSON,1.0
CITY OF MIDLAND,MI,MI,MI-CITY OF MIDLAND,Matched,MI-CITY OF MIDLAND,1.0
CITY OF NEGAUNEE,MI,MI,MI-CITY OF NEGAUNEE,Matched,MI-CITY OF NEGAUNEE,1.0
CITY OF NEW BALTIMORE,MI,MI,MI-CITY OF NEW BALTIMORE,Matched,MI-CITY OF NEW BALTIMORE,1.0
CITY OF POTTERVILLE,MI,MI,MI-CITY OF POTTERVILLE,Matched,MI-CITY OF POTTERVILLE,1.0
CITY OF ST JOSEPH,MI,MI,MI-CITY OF ST JOSEPH,Matched,MI-CITY OF ST JOSEPH,1.0
CITY OF ZEELAND,MI,MI,MI-CITY OF ZEELAND,Matched,MI-CITY OF ZEELAND,1.0
COLDWATER COMMUNITY SCHOOLS,MI,MI,MI-COLDWATER COMMUNITY SCHOOLS,Matched,MI-COLDWATER COMMUNITY SCHOOLS,1.0
CORUNNA PUBLIC SCHOOLS,MI,MI,MI-CORUNNA PUBLIC SCHOOLS,Matched,MI-CORUNNA PUBLIC SCHOOL DISTRICT,0.8854051282051283
DEARBORN PUBLIC SCHOOLS,MI,MI,MI-DEARBORN PUBLIC SCHOOLS,Matched,MI-DEARBORN PUBLIC SCHOOL DISTRICT,0.8869835125448029
ESSEXVILLE-HAMPTON PUBLIC SCHOOLS,MI,MI,MI-ESSEXVILLE-HAMPTON PUBLIC SCHOOLS,Matched,MI-ESSEXVILLE HAMPTON PUBLIC SCHOOLS,1.0
GRAND HAVEN AREA PUBLIC SCHOOLS,MI,MI,MI-GRAND HAVEN AREA PUBLIC SCHOOLS,Matched,MI-GRAND HAVEN AREA PUBLIC SCHOOLS,1.0
GRASS LAKE COMMUNITY SCHOOLS,MI,MI,MI-GRASS LAKE COMMUNITY SCHOOLS,Matched,MI-GULL LAKE COMMUNITY SCHOOLS,0.8981082251082252
GWINN AREA COMMUNITY SCHOOLS,MI,MI,MI-GWINN AREA COMMUNITY SCHOOLS,Matched,MI-GWINN AREA COMMUNITY SCHOOL DISTRICT,0.9042888888888888
HILLSDALE COUNTY,MI,MI,MI-HILLSDALE COUNTY,Matched,MI-HILLSDALE COUNTY INTERMEDIATE SCHOOL DISTRICT,0.8554841530054645
HOPKINS PUBLIC SCHOOLS,MI,MI,MI-HOPKINS PUBLIC SCHOOLS,Matched,MI-HOPKINS SCHOOLS,0.9379609336609337
KEWEENAW BAY OJIBWA COMMUNITY COLLEGE,MI,MI,MI-KEWEENAW BAY OJIBWA COMMUNITY COLLEGE,Matched,MI-BAY DE NOC COMMUNITY COLLEGE,0.821043272943273
MARQUETTE AREA SD,MI,MI,MI-MARQUETTE AREA SD,Matched,MI-HALE AREA SCHOOL DISTRICT,0.8593389986824769
MESICK CONSOLIDATED SCHOOLS,MI,MI,MI-MESICK CONSOLIDATED SCHOOLS,Matched,MI-MESICK CONSOLIDATED SCHOOL DISTRICT,0.9031447004608295
MIDLAND PUBLIC SCHOOLS,MI,MI,MI-MIDLAND PUBLIC SCHOOLS,Matched,MI-MIDLAND PUBLIC SCHOOLS,1.0
QUINCY COMMUNITY SCHOOLS,MI,MI,MI-QUINCY COMMUNITY SCHOOLS,Matched,MI-QUINCY COMMUNITY SCHOOL DISTRICT,0.8920571428571429
RIVER VALLEY SD,MI,MI,MI-RIVER VALLEY SD,Matched,MI-RIVER VALLEY SCHOOL DISTRICT,1.0
ROSEVILLE COMMUNITY SCHOOLS,MI,MI,MI-ROSEVILLE COMMUNITY SCHOOLS,Matched,MI-ROSEVILLE COMMUNITY SCHOOLS,1.0
ST CHARLES COMMUNITY SCHOOLS,MI,MI,MI-ST CHARLES COMMUNITY SCHOOLS,Matched,MI-ST CHARLES SCHOOL,0.8311742296918767
STURGIS PUBLIC SCHOOLS,MI,MI,MI-STURGIS PUBLIC SCHOOLS,Matched,MI-STURGIS PUBLIC SCHOOL DISTRICT,0.8854051282051283
VILLAGE OF VICKSBURG,MI,MI,MI-VILLAGE OF VICKSBURG,Matched,MI-VILLAGE OF VICKSBURG,1.0
WEST SHORE COMMUNITY COLLEGE,MI,MI,MI-W SHORE COMMUNITY COLLEGE,Matched,MI-WEST SHORE COMMUNITY COLLEGE,0.9401104043126685
YALE PUBLIC SCHOOLS,MI,MI,MI-YALE PUBLIC SCHOOLS,Matched,MI-ALMA PUBLIC SCHOOLS,0.8887771929824562
CHISAGO LAKES SD,MN,MN,MN-CHISAGO LAKES SD,Matched,MN-SCHOOL DISTRICT 2144 CHISAGO LAKES,0.8914373804694291
CITY OF MORA,MN,MN,MN-CITY OF MORA,Matched,MN-CITY OF MORA,1.0
CITY OF ST CLOUD,MN,MN,MN-CITY OF ST CLOUD,Matched,MN-CITY OF ST CLOUD,1.0
FLOODWOOD SD,MN,MN,MN-FLOODWOOD SD,Matched,MN-ROSEAU SCHOOL DISTRICT,0.7752528956650359
ISANTI COUNTY,MN,MN,MN-ISANTI COUNTY,Matched,MN-COUNTY OF ISANTI,0.8704244031830239
MONTEVIDEO PUBLIC SCHOOLS,MN,MN,MN-MONTEVIDEO PUBLIC SCHOOLS,Matched,MN-MONROE PUBLIC SCHOOLS,0.8636193236714976
MOWER COUNTY,MN,MN,MN-MOWER COUNTY,Matched,MN-COUNTY OF MOWER,0.8648333333333333
NEVIS PUBLIC SCHOOL,MN,MN,MN-NEVIS PUBLIC SCHOOL,Matched,MN-ISLE PUBLIC SCHOOLS,0.8461770897832818
OSAKIS PUBLIC SCHOOL,MN,MN,MN-OSAKIS PUBLIC SCHOOL,Matched,MN-ISLE PUBLIC SCHOOLS,0.8175384932920536
ROBBINSDALE AREA PUBLIC SCHOOLS,MN,MN,MN-ROBBINSDALE AREA PUBLIC SCHOOLS,Matched,MN-ROBBINSDALE PUBLIC SCHOOL DISTRICT,0.8568577693442969
RUSHFORD-PETERSON SCHOOLS,MN,MN,MN-RUSHFORD-PETERSON SCHOOLS,Matched,MN-SCHOOL DISTRICT 239 RUSHFORD-PETERSON,0.7503325777390293
WASHINGTON COUNTY,MN,MN,MN-WASHINGTON COUNTY,Matched,MN-COUNTY OF WASHINGTON,0.8676883942766296
WAYZATA PUBLIC SCHOOLS,MN,MN,MN-WAYZATA PUBLIC SCHOOLS,Matched,MN-ISLE PUBLIC SCHOOLS,0.8018232193565955
BROOKFIELD R-III SD,MO,MO,MO-BROOKFIELD R-III SD,Matched,MO-BROOKFIELD R-III SCHOOL DISTRICT,1.0
CALIFORNIA R-1 SD,MO,MO,MO-CALIFORNIA R-1 SD,Matched,MO-CAINSVILLE R-1 SCHOOL DISTRICT,0.8338222222222222
CARROLLTON R-VII SCHOOL DISTRICT,MO,MO,MO-CARROLLTON R-VII SCHOOL DISTRICT,Matched,MO-CARROLLTON R-VII SCHOOL DISTRICT,1.0
CITY OF BLUE SPRINGS,MO,MO,MO-CITY OF BLUE SPRINGS,Matched,MO-CITY OF BLUE SPRINGS,1.0
CITY OF MAPLEWOOD,MO,MO,MO-CITY OF MAPLEWOOD,Matched,MO-CITY OF MAPLEWOOD,1.0
CITY OF ST JOSEPH,MO,MO,MO-CITY OF ST JOSEPH,Matched,MO-CITY OF ST JOSEPH,1.0
CLAYTON SD,MO,MO,MO-CLAYTON SD,Matched,MO-CLAYTON SCHOOL DISTRICT,1.0
FAYETTE R-III SD,MO,MO,MO-FAYETTE R-III SD,Matched,MO-FAYETTE R-III SCHOOL DISTRICT,1.0
FORT OSAGE SD,MO,MO,MO-FORT OSAGE SD,Matched,MO-FORT OSAGE R 1 SCHOOL DISTRICT,0.9721901098901099
GASCONADE COUNTY R-2 SD,MO,MO,MO-GASCONADE COUNTY R-2 SD,Matched,MO-GASCONADE COUNTY R-1 SCHOOL DISTRICT,0.980088888888889
GRAIN VALLEY R-V,MO,MO,MO-GRAIN VALLEY R-V,Matched,MO-GRAIN VALLEY R-V SCHOOL DISTRICT,0.8985
MISSOURI STATE UNIVERSITY,MO,MO,MO-MISSOURI STATE UNIVERSITY,Matched,MO-MISSOURI STATE UNIVERSITY,1.0
MOBERLY SCHOOL DISTRICT,MO,MO,MO-MOBERLY SCHOOL DISTRICT,Matched,MO-MOBERLY PUBLIC SCHOOL DISTRICT,0.9517465955701394
RAYMORE-PECULIAR SD,MO,MO,MO-RAYMORE-PECULIAR SD,Matched,MO-RAYMORE-PECULIAR R-II SCHOOL DISTRICT,0.9730611045828437
SIKESTON PUBLIC SCHOOLS,MO,MO,MO-SIKESTON PUBLIC SCHOOLS,Matched,MO-SIKESTON R-VI SCHOOL DISTRICT,0.7756331607475615
STEELVILLE R-3 SD,MO,MO,MO-STEELVILLE R-3 SD,Matched,MO-STEELVILLE R-III SCHOOL DISTRICT,0.9501149610678532
VAN-FAR R-I SD,MO,MO,MO-VAN-FAR R-I SD,Matched,MO-VAN-FAR R-I SCHOOL DISTRICT,1.0
WASHINGTON SCHOOL DISTRICT,MO,MO,MO-WASHINGTON SCHOOL DISTRICT,Matched,MO-WASHINGTON SCHOOL DISTRICT,1.0
FLATHEAD COUNTY,MT,MT,MT-FLATHEAD COUNTY,Matched,MT-COUNTY OF FLATHEAD,0.8606818181818182
MONTANA STATE UNIVERSITY,MT,MT,MT-MONTANA STATE UNIVERSITY,Matched,MT-MONTANA STATE UNIVERSITY,1.0
MONTANA TECH,MT,MT,MT-MONTANA TECH,Matched,MT-MONTANA STATE UNIVERSITY,0.7480666666666667
YELLOWSTONE COUNTY,MT,MT,MT-YELLOWSTONE COUNTY,Matched,MT-COUNTY OF YELLOWSTONE,0.8885494505494506
FALLS CITY PUBLIC SCHOOLS,NE,NE,NE-FALLS CITY PUBLIC SCHOOLS,Matched,NE-FALLS CITY PUBLIC SCHOOLS,1.0
HUMPHREY PUBLIC SCHOOLS,NE,NE,NE-HUMPHREY PUBLIC SCHOOLS,Matched,NE-HUMPHREY PUBLIC SCHOOLS,1.0
NORRIS SD 140,NE,NE,NE-NORRIS SD 140,Matched,NE-ATKINSON SCHOOL DISTRICT 21,0.7895430298795079
SARPY COUNTY,NE,NE,NE-SARPY COUNTY,Matched,NE-SARPY COUNTY SCHOOL DISTRICT,0.8782857142857143
SEWARD PUBLIC SCHOOLS,NE,NE,NE-SEWARD PUBLIC SCHOOLS,Matched,NE-SEWARD PUBLIC SCHOOLS,1.0
SPRINGFIELD PLATTEVIEW COMMUNITY SCHOOLS,NE,NE,NE-SPRINGFIELD PLATTEVIEW COMMUNITY SCHOOLS,Matched,NE-SANTEE COMMUNITY SCHOOLS,0.7866500000000001
WESTERN NEBRASKA COMMUNITY COLLEGE,NE,NE,NE-WESTERN NEBRASKA COMMUNITY COLLEGE,Matched,NE-WESTERN NEBRASKA COMMUNITY COLLEGE,1.0
CITY OF FERNLEY,NV,NV,NV-CITY OF FERNLEY,Matched,NV-CITY OF FERNLEY,1.0
CLARK COUNTY SD,NV,NV,NV-CLARK COUNTY SD,Matched,NV-CLARK COUNTY SCHOOL DISTRICT,1.0
LYON COUNTY SD,NV,NV,NV-LYON COUNTY SD,Matched,NV-LYON COUNTY SCHOOL DISTRICT,1.0
WASHOE COUNTY SD,NV,NV,NV-WASHOE COUNTY SD,Matched,NV-WASHOE COUNTY SCHOOL DISTRICT,1.0
HOOKSETT SCHOOL DISTRICT - SAU 15,NH,NH,NH-HOOKSETT SCHOOL DISTRICT - SAU 15,Matched,NH-RYE SCHOOL DISTRICT,0.7993014281434137
OYSTER RIVER COOPERATIVE SD,NH,NH,NH-OYSTER RIVER COOPERATIVE SD,Matched,NH-OYSTER RIVER COOPERATIVE SCHOOL DISTRICT,1.0
BERKELEY HEIGHTS SD,NJ,NJ,NJ-BERKELEY HEIGHTS SD,Matched,NJ-BERKELEY HEIGHTS SCHOOL DISTRICT,1.0
CEDAR GROVE SD,NJ,NJ,NJ-CEDAR GROVE SD,Matched,NJ-CEDAR GROVE SCHOOL DISTRICT,1.0
CUMBERLAND REGIONAL HS,NJ,NJ,NJ-CUMBERLAND REGIONAL HS,Matched,NJ-CUMBERLAND REGIONAL SCHOOL DISTRICT,0.8809263841421737
MAHWAH TOWNSHIP PUBLIC SCHOOLS,NJ,NJ,NJ-MAHWAH TOWNSHIP PUBLIC SCHOOLS,Matched,NJ-MAHWAH TOWNSHIP SCHOOL DISTRICT,0.8400509430636347
MANTUA TOWNSHIP SCHOOLS,NJ,NJ,NJ-MANTUA TOWNSHIP SCHOOLS,Matched,NJ-MANTUA TOWNSHIP SCHOOL DISTRICT,0.8869835125448029
NORWOOD PUBLIC SCHOOL,NJ,NJ,NJ-NORWOOD PUBLIC SCHOOL,Matched,NJ-NORWOOD SCHOOL DISTRICT,0.7889530895362098
OCEAN COUNTY COLLEGE,NJ,NJ,NJ-OCEAN COUNTY COLLEGE,Matched,NJ-OCEAN COUNTY COLLEGE,1.0
SHAMONG TOWNSHIP SD,NJ,NJ,NJ-SHAMONG TOWNSHIP SD,Matched,NJ-SHAMONG TOWNSHIP SCHOOL DISTRICT,1.0
WOODBINE ELEMENTARY SCHOOL,NJ,NJ,NJ-WOODBINE ELEMENTARY SCHOOL,Matched,NJ-WOODBINE ELEMENTARY SCHOOL,1.0
SCHOOL OF DREAMS ACADEMY,NM,NM,NM-SCHOOL OF DREAMS ACADEMY,Matched,NM- SCHOOL,0.8200000000000001
UNIVERSITY OF NEW MEXICO,NM,NM,NM-UNIVERSITY OF NEW MEXICO,Matched,NM-UNIVERSITY OF NEW MEXICO,1.0
ARKPORT CSD,NY,NY,NY-ARKPORT CSD,Matched,NY-ARKPORT CENTRAL SCHOOL DISTRICT,1.0
BALLSTON SPA CSD,NY,NY,NY-BALLSTON SPA CSD,Matched,NY-BALLSTON SPA CSD,1.0
BATAVIA CITY SD,NY,NY,NY-BATAVIA CITY SD,Matched,NY-BATAVIA CITY SCHOOL DISTRICT,1.0
BERNE-KNOX-WESTERLO CSD,NY,NY,NY-BERNE-KNOX-WESTERLO CSD,Matched,NY-BERNE-KNOX-WESTERLO CENTRAL SCHOOL,0.9629507701600725
BETHLEHEM CSD,NY,NY,NY-BETHLEHEM CSD,Matched,NY-BETHLEHEM CENTRAL SCHOOLS,0.8970361546499478
BLOOMFIELD CSD,NY,NY,NY-BLOOMFIELD CSD,Matched,NY-EAST BLOOMFIELD CENTRAL SCHOOL DISTRICT,0.9573290873778384
BOQUET VALLEY CSD,NY,NY,NY-BOQUET VALLEY CSD,Matched,NY-CENTRAL VALLEY SCHOOL DISTRICT,0.9296513379050693
CAIRO-DURHAM CSD,NY,NY,NY-CAIRO-DURHAM CSD,Matched,NY-CAIRO-DURHAM CENTRAL SCHOOL DISTRICT,1.0
CAMDEN CSD,NY,NY,NY-CAMDEN CSD,Matched,NY-CAMDEN CENTRAL SCHOOL DISTRICT,1.0
CANAJOHARIE CSD,NY,NY,NY-CANAJOHARIE CSD,Matched,NY-CANAJOHARIE CENTRAL SCHOOL DISTRICT,1.0
CARTHAGE CSD,NY,NY,NY-CARTHAGE CSD,Matched,NY-CARTHAGE CENTRAL SCHOOL DISTRICT,1.0
CLINTON CSD,NY,NY,NY-CLINTON CSD,Matched,NY-CLINTON CENTRAL SCHOOL,0.9471548995739502
COOPERSTOWN CSD,NY,NY,NY-COOPERSTOWN CSD,Matched,NY-COOPERSTOWN SCHOOL DISTRICT,0.9533081925243215
DUANESBURG CSD,NY,NY,NY-DUANESBURG CSD,Matched,NY-DUANESBURG CENTRAL SCHOOL DISTRICT,1.0
EAST HAMPTON UNION FREE SD,NY,NY,NY-E HAMPTON UNION FREE SD,Matched,NY-EAST HAMPTON UNION FREE SCHOOL DISTRICT,0.9651307692307692
GALWAY CSD,NY,NY,NY-GALWAY CSD,Matched,NY-GALWAY CENTRAL SCHOOL DISTRICT,1.0
GLOVERSVILLE ENLARGED SD,NY,NY,NY-GLOVERSVILLE ENLARGED SD,Matched,NY-GLOVERSVILLE ENLARGED SCHOOL DISTRICT,1.0
GOWANDA CSD,NY,NY,NY-GOWANDA CSD,Matched,NY-GOWANDA CENTRAL SCHOOL DISTRICT,1.0
GRAND ISLAND CSD,NY,NY,NY-GRAND ISLAND CSD,Matched,NY-GRAND ISLAND SCHOOL DISTRICT,0.9556666666666667
GREEN ISLAND UFSD,NY,NY,NY-GREEN ISLAND UFSD,Matched,NY-GREEN ISLAND SCHOOL DISTRICT,0.9443864195505987
ICHABOD CRANE CSD,NY,NY,NY-ICHABOD CRANE CSD,Matched,NY-ELBA CENTRAL SCHOOL DISTRICT,0.853445802945803
IROQUOIS CSD,NY,NY,NY-IROQUOIS CSD,Matched,NY-IROQUOIS CENTRAL SCHOOL DISTRICT,1.0
ITHACA CITY SCHOOL DISTRICT,NY,NY,NY-ITHACA CITY SCHOOL DISTRICT,Matched,NY-UTICA CITY SCHOOL DISTRICT,0.8821778207815945
ITHACA COLLEGE,NY,NY,NY-ITHACA COLLEGE,Matched,NY-ITHACA COLLEGE,1.0
MARION CSD,NY,NY,NY-MARION CSD,Matched,NY-MADISON CENTRAL SCHOOL DISTRICT,0.9455709087814632
MAYFIELD CSD,NY,NY,NY-MAYFIELD CSD,Matched,NY-PENFIELD CENTRAL SCHOOL DISTRICT,0.9045741379310346
MELROSE FIRE DISTRICT,NY,NY,NY-MELROSE FIRE DISTRICT,Matched,NY-MELROSE FIRE DISTRICT,1.0
MEXICO ACADEMY AND CSD,NY,NY,NY-MEXICO ACADEMY AND CSD,Matched,NY-MEXICO ACADEMY AND CENTRAL SCHOOLS,0.9207588972431077
MONTAUK PUBLIC SCHOOL,NY,NY,NY-MONTAUK PUBLIC SCHOOL,Matched,NY-PUBLIC SCHOOL 5,0.8578238095238095
NORTH ROSE-WOLCOTT CSD,NY,NY,NY-N ROSE-WOLCOTT CSD,Matched,NY-NORTH ROSE-WOLCOTT CENTRAL SCHOOL DISTRICT,0.9486661654135338
NORTH SHORE CSD,NY,NY,NY-N SHORE CSD,Matched,NY-NORTH SHORE CENTRAL SCHOOL DISTRICT,0.9438936321742774
OCM BOCES,NY,NY,NY-OCM BOCES,Matched,NY-BOCES OCM ONONDAGA CORTLAND AND MADISON,0.7734529914529915
ONEIDA CITY SD,NY,NY,NY-ONEIDA CITY SD,Matched,NY-ONEIDA CITY SCHOOL DISTRICT,1.0
ONTEORA CSD,NY,NY,NY-ONTEORA CSD,Matched,NY-ONTEORA CENTRAL SCHOOL DISTRICT,1.0
PENFIELD CSD,NY,NY,NY-PENFIELD CSD,Matched,NY-PENFIELD CENTRAL SCHOOL DISTRICT,1.0
PLEASANTVILLE UNION FREE SD,NY,NY,NY-PLEASANTVILLE UNION FREE SD,Matched,NY-PLEASANTVILLE UNION FREE SCHOOL DISTRICT,1.0
SAG HARBOR SD,NY,NY,NY-SAG HARBOR SD,Matched,NY-SAG HARBOR UNION FREE SCHOOL DISTRICT,0.9408740223740224
SAUQUOIT VALLEY CSD,NY,NY,NY-SAUQUOIT VALLEY CSD,Matched,NY-SAUQUOIT VALLEY SCHOOL DISTRICT,0.9594432825239276
SCARSDALE PUBLIC SCHOOLS,NY,NY,NY-SCARSDALE PUBLIC SCHOOLS,Matched,NY-EAST ROCKAWAY PUBLIC SCHOOLS,0.7520684981684982
SPENCER-VAN ETTEN CSD,NY,NY,NY-SPENCER-VAN ETTEN CSD,Matched,NY-SPENCER VAN ETTEN CENTRAL SCHOOL,0.961937186769128
SPRINGVILLE-GRIFFITH INSTITUTE CSD,NY,NY,NY-SPRINGVILLE-GRIFFITH INSTITUTE CSD,Matched,NY-SPRINGVILLE GRIFFITH INST CSD,0.9486575083107677
SUNY MARITIME,NY,NY,NY-SUNY MARITIME,Matched,NY-SUNY ITEC,0.8185171717171718
SWEET HOME CSD,NY,NY,NY-SWEET HOME CSD,Matched,NY-SWEET HOME CENTRAL SCHOOL DISTRICT,1.0
THREE VILLAGE CSD,NY,NY,NY-THREE VILLAGE CSD,Matched,NY-THREE VILLAGE CENTRAL SCHOOL DISTRICT,1.0
UNION-ENDICOTT CSD,NY,NY,NY-UNION-ENDICOTT CSD,Matched,NY-UNION-ENDICOTT SCHOOL DISTRICT,0.9572297213622292
WATERVLIET CITY SCHOOLS,NY,NY,NY-WATERVLIET CITY SCHOOLS,Matched,NY-WATERVLIET SCHOOL DISTRICT,0.859205162539324
WEST GENESEE CSD,NY,NY,NY-W GENESEE CSD,Matched,NY-WEST GENESEE CENTRAL SCHOOL DISTRICT,0.9511189723320157
WILLIAMSON CSD,NY,NY,NY-WILLIAMSON CSD,Matched,NY-WILLIAMSON CENTRAL SCHOOL DISTRICT,1.0
WILLSBORO CSD,NY,NY,NY-WILLSBORO CSD,Matched,NY-WILLSBORO CENTRAL SCHOOL DISTRICT,1.0
ALAMANCE COMMUNITY COLLEGE,NC,NC,NC-ALAMANCE COMMUNITY COLLEGE,Matched,NC-ALAMANCE COMMUNITY COLLEGE,1.0
BRUNSWICK COUNTY SCHOOLS,NC,NC,NC-BRUNSWICK COUNTY SCHOOLS,Matched,NC-BRUNSWICK COUNTY SCHOOL DISTRICT,0.8920571428571429
CHARLOTTE-MECKLENBURG SCHOOLS,NC,NC,NC-CHARLOTTE-MECKLENBURG SCHOOLS,Matched,NC-CHARLOTTE MECKLENBURG SCHOOLS,1.0
CITY OF DURHAM,NC,NC,NC-CITY OF DURHAM,Matched,NC-CITY OF DURHAM,1.0
CITY OF HENDERSONVILLE,NC,NC,NC-CITY OF HENDERSONVILLE,Matched,NC-CITY OF HENDERSONVILLE,1.0
CITY OF LENOIR,NC,NC,NC-CITY OF LENOIR,Matched,NC-CITY OF LENOIR,1.0
CITY OF MONROE,NC,NC,NC-CITY OF MONROE,Matched,NC-CITY OF MONROE,1.0
GRAND FORKS SD,NC,NC,NC-GRAND FORKS SD,Matched,NC-GRAHAM COUNTY SCHOOL DISTRICT,0.7736222957544796
GRANVILLE COUNTY,NC,NC,NC-GRANVILLE COUNTY,Matched,NC-GRANVILLE COUNTY SCHOOL DISTRICT,0.8985
MOORE COUNTY,NC,NC,NC-MOORE COUNTY,Matched,NC-MOORE COUNTY SCHOOL DISTRICT,0.8782857142857143
NEW HANOVER COUNTY SCHOOLS,NC,NC,NC-NEW HANOVER COUNTY SCHOOLS,Matched,NC-NEW HANOVER COUNTY SCHOOL DISTRICT,0.8983294117647058
PITT COUNTY SCHOOLS,NC,NC,NC-PITT COUNTY SCHOOLS,Matched,NC-PITT COUNTY SCHOOL DISTRICT,0.869115619967794
STANLEY COUNTY SCHOOLS,NC,NC,NC-STANLEY COUNTY SCHOOLS,Matched,NC-STANLY COUNTY SCHOOL DISTRICT,0.8662066015120782
WAKE COUNTY SCHOOLS,NC,NC,NC-WAKE COUNTY SCHOOLS,Matched,NC-WAKE COUNTY SCHOOL DISTRICT,0.869115619967794
UNIVERSITY OF NORTH DAKOTA,,ND,ND-UNIVERSITY OF N DAKOTA,No Match,,0.0
BEXLEY CITY SCHOOLS,OH,OH,OH-BEXLEY CITY SCHOOLS,Matched,OH-BEXLEY CITY SCHOOL DISTRICT,0.869115619967794
BRECKSVILLE-BROADVIEW HEIGHTS CITY SD,OH,OH,OH-BRECKSVILLE-BROADVIEW HEIGHTS CITY SD,Matched,OH-BRECKSVILLE BROADVIEW HTS CSD,0.9096879818594105
BUCKEYE LOCAL SCHOOL DISTRICT,OH,OH,OH-BUCKEYE LOCAL SCHOOL DISTRICT,Matched,OH-BUCKEYE LOCAL SCHOOL DISTRICT- MEDINA,0.9659102564102564
CITY OF MAUMEE,OH,OH,OH-CITY OF MAUMEE,Matched,OH-CITY OF MAUMEE,1.0
DARKE COUNTY,OH,OH,OH-DARKE COUNTY,Matched,OH-COUNTY OF DARKE,0.8616904761904762
DELAWARE COUNTY LIBRARY DISTRICT,OH,OH,OH-DELAWARE COUNTY LIBRARY DISTRICT,Matched,OH-DELAWARE CITY SCHOOL DISTRICT,0.8225969756924816
EAST CLEVELAND CITY SD,OH,OH,OH-E CLEVELAND CITY SD,Matched,OH-EAST CLEVELAND CITY SCHOOL DISTRICT,0.9503661513859275
GRANVILLE EXEMPTED VILLAGE SD,OH,OH,OH-GRANVILLE EXEMPTED VILLAGE SD,Matched,OH-GRANVILLE EXEMPTED VILLAGE SCHOOLS,0.9207588972431077
INDEPENDENCE LOCAL SCHOOLS,OH,OH,OH-INDEPENDENCE LOCAL SCHOOLS,Matched,OH-INDEPENDENCE LOCAL SCHOOLS,1.0
KETTERING CITY SCHOOLS,OH,OH,OH-KETTERING CITY SCHOOLS,Matched,OH-KETTERING CITY SCHOOL DISTRICT,0.8854051282051283
LAKOTA LOCAL SCHOOLS,OH,OH,OH-LAKOTA LOCAL SCHOOLS,Matched,OH-LAKOTA LOCAL SCHOOL DISTRICT,0.8746857142857143
PLAIN LOCAL SCHOOLS,OH,OH,OH-PLAIN LOCAL SCHOOLS,Matched,OH-PLAIN LOCAL SCHOOL DISTRICT,0.869115619967794
STRONGVIEW SCHOOLS,OH,OH,OH-STRONGVIEW SCHOOLS,Matched,OH-STRONGSVILLE OP PRESCHOOL,0.8060563125094999
UPPER ARLINGTON SCHOOLS,OH,OH,OH-UPPER ARLINGTON SCHOOLS,Matched,OH-UPPER ARLINGTON BOARD OF EDUCATION,0.7927464800107686
WORTHINGTON SCHOOLS,OH,OH,OH-WORTHINGTON SCHOOLS,Matched,OH-WORTHINGTON CITY SCHOOLS,0.9617833537331701
ANTLERS PUBLIC SCHOOLS,OK,OK,OK-ANTLERS PUBLIC SCHOOLS,Matched,OK-CANUTE PUBLIC SCHOOLS,0.8702287091937032
CITY OF BARLTESVILLE,OK,OK,OK-CITY OF BARLTESVILLE,Matched,OK-CITY OF BARTLESVILLE,0.9708
CITY OF BARTLESVILLE,OK,OK,OK-CITY OF BARTLESVILLE,Matched,OK-CITY OF BARTLESVILLE,1.0
CITY OF BROKEN ARROW,OK,OK,OK-CITY OF BROKEN ARROW,Matched,OK-CITY OF BROKEN ARROW,1.0
CITY OF EDMOND,OK,OK,OK-CITY OF EDMOND,Matched,OK-CITY OF EDMOND,1.0
CITY OF NORMAN,OK,OK,OK-CITY OF NORMAN,Matched,OK-CITY OF NORMAN,1.0
CITY OF TAHLEQUAH,OK,OK,OK-CITY OF TAHLEQUAH,Matched,OK-CITY OF TAHLEQUAH,1.0
COLEMAN PUBLIC SCHOOLS,OK,OK,OK-COLEMAN PUBLIC SCHOOLS,Matched,OK-CHISHOLM PUBLIC SCHOOLS,0.8427622032683817
DEER CREEK SD,OK,OK,OK-DEER CREEK SD,Matched,OK-DEER CREEK SCHOOL DISTRICT,1.0
DEWEY PUBLIC SCHOOLS,OK,OK,OK-DEWEY PUBLIC SCHOOLS,Matched,OK-CANUTE PUBLIC SCHOOLS,0.8083347270615563
HENNESSEY PUBLIC SCHOOLS,OK,OK,OK-HENNESSEY PUBLIC SCHOOLS,Matched,OK-HENNESSEY SCHOOL DISTRICT,0.8004319727891156
INOLA PUBLIC SCHOOLS,OK,OK,OK-INOLA PUBLIC SCHOOLS,Matched,OK-WILSON PUBLIC SCHOOLS,0.8615147849298042
MIAMI PUBLIC SCHOOLS,OK,OK,OK-MIAMI PUBLIC SCHOOLS,Matched,OK-CANUTE PUBLIC SCHOOLS,0.8083347270615563
NEWCASTLE PUBLIC SCHOOLS,OK,OK,OK-NEWCASTLE PUBLIC SCHOOLS,Matched,OK-CANUTE PUBLIC SCHOOLS,0.8329396825396825
SHARON-MUTUAL PUBLIC SCHOOLS,OK,OK,OK-SHARON-MUTUAL PUBLIC SCHOOLS,Matched,OK-SHARON-MUTUAL SCHOOL DISTRICT,0.8290662086250109
SILO PUBLIC SCHOOLS,OK,OK,OK-SILO PUBLIC SCHOOLS,Matched,OK-WILSON PUBLIC SCHOOLS,0.9263692564745196
SOUTH COFFEYVILLE PUBLIC SCHOOLS,OK,OK,OK-S COFFEYVILLE PUBLIC SCHOOLS,Matched,OK-CANUTE PUBLIC SCHOOLS,0.7549613845538216
TULSA PUBLIC SCHOOLS,OK,OK,OK-TULSA PUBLIC SCHOOLS,Matched,OK-TULSA PUBLIC SCHOOLS,1.0
WEATHERFORD PUBLIC SCHOOLS,OK,OK,OK-WEATHERFORD PUBLIC SCHOOLS,Matched,OK-WEATHERFORD SCHOOL DISTRICT,0.8315421129534337
BEAVERTON SD,OR,OR,OR-BEAVERTON SD,Matched,OR-BEAVERTON SCHOOL DISTRICT 48,0.9816361185983827
CITY OF CORNELIUS,OR,OR,OR-CITY OF CORNELIUS,Matched,OR-CITY OF CORNELIUS,1.0
CITY OF DALLAS,OR,OR,OR-CITY OF DALLAS,Matched,OR-CITY OF DALLAS,1.0
CITY OF GEARHART,OR,OR,OR-CITY OF GEARHART,Matched,OR-CITY OF GEARHART,1.0
CITY OF HOOD RIVER,OR,OR,OR-CITY OF HOOD RIVER,Matched,OR-CITY OF HOOD RIVER,1.0
CITY OF LAKE OSWEGO,OR,OR,OR-CITY OF LAKE OSWEGO,Matched,OR-CITY OF LAKE OSWEGO,1.0
CITY OF TIGARD,OR,OR,OR-CITY OF TIGARD,Matched,OR-CITY OF TIGARD,1.0
CITY OF WEST LINN,OR,OR,OR-CITY OF W LINN,Matched,OR-CITY OF WEST LINN,0.9382341555977229
HILLSBORO SD,OR,OR,OR-HILLSBORO SD,Matched,OR-HILLSBORO SCHOOL DISTRICT 1J,0.9816361185983827
NORTH CLACKAMAS SCHOOLS,OR,OR,OR-N CLACKAMAS SCHOOLS,Matched,OR-NORTH CLACKAMAS SCHOOL DISTRICT,0.7607497453310695
SCAPPOOSE SD,OR,OR,OR-SCAPPOOSE SD,Matched,OR-SCAPPOOSE SCHOOL DISTRICT,1.0
SIUSLAW SD,OR,OR,OR-SIUSLAW SD,Matched,OR-SIUSLAW SCHOOL DISTRICT,1.0
SOUTHERN OREGON UNIVERSITY,OR,OR,OR-SOUTHERN OREGON UNIVERSITY,Matched,OR-SOUTHERN OREGON UNIVERSITY,1.0
TREASURE VALLEY COMMUNITY COLLEGE,OR,OR,OR-TREASURE VALLEY COMMUNITY COLLEGE,Matched,OR-TREASURE VALLEY COMMUNITY COLLEGE,1.0
TUALATIN HILLS PARK AND RECREATION DISTRICT,OR,OR,OR-TUALATIN HILLS PARK AND RECREATION DISTRICT,Matched,OR-TUALATIN HILLS PARK AND RECREATION DISTRICT,1.0
CITY OF ALLENTOWN,PA,PA,PA-CITY OF ALLENTOWN,Matched,PA-CITY OF ALLENTOWN,1.0
CUMBERLAND COUNTY,PA,PA,PA-CUMBERLAND COUNTY,Matched,PA-COUNTY OF CUMBERLAND,0.8826883942766296
NORRISTOWN AREA SD,PA,PA,PA-NORRISTOWN AREA SD,Matched,PA-NORRISTOWN AREA SCHOOL DISTRICT,1.0
UNIVERSITY OF PITTSBURGH,PA,PA,PA-UNIVERSITY OF PITTSBURGH,Matched,PA-UNIVERSITY OF PITTSBURGH,1.0
BERKELEY COUNTY SD,SC,SC,SC-BERKELEY COUNTY SD,Matched,SC-BERKELEY SCHOOL DISTRICT,0.9528079178885631
CHARLESTON COUNTY,SC,SC,SC-CHARLESTON COUNTY,Matched,SC-COUNTY OF CHARLESTON,0.8787080021197669
CITY OF SUMMERVILLE,SC,SC,SC-CITY OF SUMMERVILLE,Matched,SC-CITY OF SUMMERVILLE,1.0
CITY OF WATERTOWN,SC,SC,SC-CITY OF WATERTOWN,Matched,SC-CITY OF WALTERBORO,0.8625359477124183
FAIRFIELD COUNTY,SC,SC,SC-FAIRFIELD COUNTY,Matched,SC-COUNTY OF FAIRFIELD,0.8552406015037595
LANCASTER COUNTY SD,SC,SC,SC-LANCASTER COUNTY SD,Matched,SC-LANCASTER SCHOOL DISTRICT,0.9552931578947368
NORMANDY SCHOOLS COLLABORATIVE,,SC,SC-NORMANDY SCHOOLS COLLABORATIVE,No Match,,0.0
SPARTANBURG COMMUNITY COLLEGE,SC,SC,SC-SPARTANBURG COMMUNITY COLLEGE,Matched,SC-SPARTANBURG COMMUNITY COLLEGE,1.0
SUMTER SD,SC,SC,SC-SUMTER SD,Matched,SC-SUMTER SCHOOL DISTRICT 17,0.9804604255319149
GROTON AREA SD,,SD,SD-GROTON AREA SD,No Match,,0.0
RAPID CITY AREA SCHOOLS,,SD,SD-RAPID CITY AREA SCHOOLS,No Match,,0.0
SIOUX FALLS SCHOOL DISTRICT,,SD,SD-SIOUX FALLS SCHOOL DISTRICT,No Match,,0.0
UNIVERSITY OF SOUTH DAKOTA,,SD,SD-UNIVERSITY OF S DAKOTA,No Match,,0.0
HAMILTON COUNTY SCHOOLS,TN,TN,TN-HAMILTON COUNTY SCHOOLS,Matched,TN-HAMILTON COUNTY SCHOOL DISTRICT,0.8869835125448029
MEMPHIS-SHELBY COUNTY SCHOOLS,TN,TN,TN-MEMPHIS-SHELBY COUNTY SCHOOLS,Matched,TN-MEMPHIS-SHELBY COUNTY SCHOOLS,1.0
ALBANY ISD,TX,TX,TX-ALBANY ISD,Matched,TX-ALBANY ISD,1.0
ARLINGTON ISD,TX,TX,TX-ARLINGTON ISD,Matched,TX-ARLINGTON ISD,1.0
BOYD ISD,TX,TX,TX-BOYD ISD,Matched,TX-BOYD ISD,1.0
BRAZOSPORT COLLEGE,TX,TX,TX-BRAZOSPORT COLLEGE,Matched,TX-BRAZOSPORT COLLEGE,1.0
BURNET COUNTY,TX,TX,TX-BURNET COUNTY,Matched,TX-COUNTY OF BURNET,0.8869761273209549
CHIRENO ISD,TX,TX,TX-CHIRENO ISD,Matched,TX-CHIRENO ISD,1.0
CITY OF AUSTIN,TX,TX,TX-CITY OF AUSTIN,Matched,TX-CITY OF AUSTIN,1.0
CITY OF BROWNSVILLE,TX,TX,TX-CITY OF BROWNSVILLE,Matched,TX-CITY OF BROWNSVILLE,1.0
CITY OF CARROLLTON,TX,TX,TX-CITY OF CARROLLTON,Matched,TX-CITY OF CARROLLTON,1.0
CITY OF CEDAR PARK,TX,TX,TX-CITY OF CEDAR PARK,Matched,TX-CITY OF CEDAR PARK,1.0
CITY OF CELINA,TX,TX,TX-CITY OF CELINA,Matched,TX-CITY OF CELINA,1.0
CITY OF COLLEGE STATION,TX,TX,TX-CITY OF COLLEGE STATION,Matched,TX-CITY OF COLLEGE STATION,1.0
CITY OF CORPUS CHRISTI,TX,TX,TX-CITY OF CORPUS CHRISTI,Matched,TX-CITY OF CORPUS CHRISTI,1.0
CITY OF DUNCANVILLE,TX,TX,TX-CITY OF DUNCANVILLE,Matched,TX-CITY OF DUNCANVILLE,1.0
CITY OF FORT WORTH,TX,TX,TX-CITY OF FORT WORTH,Matched,TX-CITY OF FORT WORTH,1.0
CITY OF FRIENDSWOOD,TX,TX,TX-CITY OF FRIENDSWOOD,Matched,TX-CITY OF FRIENDSWOOD,1.0
CITY OF GRAND PRAIRIE,TX,TX,TX-CITY OF GRAND PRAIRIE,Matched,TX-CITY OF GRAND PRAIRIE,1.0
CITY OF KYLE,TX,TX,TX-CITY OF KYLE,Matched,TX-CITY OF KYLE,1.0
CITY OF LA MARQUE,TX,TX,TX-CITY OF LA MARQUE,Matched,TX-CITY OF LA MARQUE,1.0
CITY OF LAREDO,TX,TX,TX-CITY OF LAREDO,Matched,TX-CITY OF LAREDO,1.0
CITY OF MAGNOLIA,TX,TX,TX-CITY OF MAGNOLIA,Matched,TX-CITY OF MAGNOLIA,1.0
CITY OF MARBLE FALLS,TX,TX,TX-CITY OF MARBLE FALLS,Matched,TX-CITY OF MARBLE FALLS,1.0
CITY OF MARSHALL,TX,TX,TX-CITY OF MARSHALL,Matched,TX-CITY OF MARSHALL,1.0
CITY OF NORTH RICHLAND HILLS,TX,TX,TX-CITY OF N RICHLAND HILLS,Matched,TX-CITY OF RICHLAND HILLS,0.9824189723320158
CITY OF PALESTINE,TX,TX,TX-CITY OF PALESTINE,Matched,TX-CITY OF PALESTINE,1.0
CITY OF RICHARDSON,TX,TX,TX-CITY OF RICHARDSON,Matched,TX-CITY OF RICHARDSON,1.0
CITY OF SAN ANTONIO,TX,TX,TX-CITY OF SAN ANTONIO,Matched,TX-CITY OF SAN ANTONIO,1.0
CITY OF SUGAR LAND,TX,TX,TX-CITY OF SUGAR LAND,Matched,TX-CITY OF SUGAR LAND,1.0
COOPER ISD,TX,TX,TX-COOPER ISD,Matched,TX-COOPER ISD,1.0
CYPRESS-FAIRBANKS ISD,TX,TX,TX-CYPRESS-FAIRBANKS ISD,Matched,TX-CYPRESS FAIRBANKS ISD,1.0
DALLAS ISD,TX,TX,TX-DALLAS ISD,Matched,TX-DALLAS ISD,1.0
DALLAS LOVE FIELD,TX,TX,TX-DALLAS LOVE FIELD,Matched,TX-DALLAS SCHOOL,0.7113032679738562
EAGLE PASS ISD,TX,TX,TX-EAGLE PASS ISD,Matched,TX-EAGLE PASS ISD,1.0
EANES ISD,TX,TX,TX-EANES ISD,Matched,TX-EANES ISD,1.0
EL PASO ISD,TX,TX,TX-EL PASO ISD,Matched,TX-EL PASO ISD,1.0
FORT BEND ISD,TX,TX,TX-FORT BEND ISD,Matched,TX-FORT BEND ISD,1.0
FREDERICKSBURG ISD,TX,TX,TX-FREDERICKSBURG ISD,Matched,TX-FREDERICKSBURG ISD,1.0
GATESVILLE ISD,TX,TX,TX-GATESVILLE ISD,Matched,TX-GATESVILLE ISD,1.0
GRAHAM ISD,TX,TX,TX-GRAHAM ISD,Matched,TX-GRAHAM ISD,1.0
GRAPEVINE-COLLEYVILLE ISD,TX,TX,TX-GRAPEVINE-COLLEYVILLE ISD,Matched,TX-GRAPEVINE-COLLEYVILLE ISD,1.0
HAYS COUNTY,TX,TX,TX-HAYS COUNTY,Matched,TX-COUNTY OF HAYS,0.876548051948052
HEREFORD ISD,TX,TX,TX-HEREFORD ISD,Matched,TX-HEREFORD ISD,1.0
HOUSTON ISD,TX,TX,TX-HOUSTON ISD,Matched,TX-HOUSTON ISD,1.0
KELLER ISD,TX,TX,TX-KELLER ISD,Matched,TX-KELLER ISD,1.0
KILLEEN ISD,TX,TX,TX-KILLEEN ISD,Matched,TX-KILLEEN ISD,1.0
LA JOYA ISD,TX,TX,TX-LA JOYA ISD,Matched,TX-LA JOYA ISD,1.0
LAMPASAS ISD,TX,TX,TX-LAMPASAS ISD,Matched,TX-LAMPASAS ISD,1.0
LANCASTER ISD,TX,TX,TX-LANCASTER ISD,Matched,TX-LANCASTER ISD,1.0
LAREDO COLLEGE,TX,TX,TX-LAREDO COLLEGE,Matched,TX-LAREDO COMMUNITY COLLEGE,0.9194210526315789
LEANDER ISD,TX,TX,TX-LEANDER ISD,Matched,TX-LEANDER ISD,1.0
LUFKIN ISD,TX,TX,TX-LUFKIN ISD,Matched,TX-LUFKIN ISD,1.0
MCALLEN ISD,TX,TX,TX-MCALLEN ISD,Matched,TX-MCALLEN ISD,1.0
MCKINNEY ISD,TX,TX,TX-MCKINNEY ISD,Matched,TX-MCKINNEY ISD,1.0
MIDLAND COUNTY UTILITY DISTRICT,TX,TX,TX-MIDLAND COUNTY UTILITY DISTRICT,Matched,TX-COUNTY OF MIDLAND,0.7679822896900697
MIDWAY ISD,TX,TX,TX-MIDWAY ISD,Matched,TX-MIDWAY ISD,1.0
NAVARRO ISD,TX,TX,TX-NAVARRO ISD,Matched,TX-NAVARRO ISD,1.0
NEW CANEY ISD,TX,TX,TX-NEW CANEY ISD,Matched,TX-NEW CANEY ISD,1.0
PILOT POINT ISD,TX,TX,TX-PILOT POINT ISD,Matched,TX-PILOT POINT ISD,1.0
PONDER ISD,TX,TX,TX-PONDER ISD,Matched,TX-PONDER ISD,1.0
POTTER COUNTY,TX,TX,TX-POTTER COUNTY,Matched,TX-COUNTY OF POTTER,0.867069702328323
SAN ANTONIO ISD,TX,TX,TX-SAN ANTONIO ISD,Matched,TX-SAN ANTONIO ISD,1.0
SCHERTZ-CIBOLO-UNIVERSAL CITY ISD,TX,TX,TX-SCHERTZ-CIBOLO-UNIVERSAL CITY ISD,Matched,TX-SCHERTZ-CIBOLO-U CITY ISD,0.9560280363982734
SEGUIN ISD,TX,TX,TX-SEGUIN ISD,Matched,TX-SEGUIN ISD,1.0
SHARYLAND ISD,TX,TX,TX-SHARYLAND ISD,Matched,TX-SHARYLAND ISD,1.0
SNOOK ISD,TX,TX,TX-SNOOK ISD,Matched,TX-SNOOK ISD,1.0
STEPHEN F AUSTIN STATE UNIVERSITY,TX,TX,TX-STEPHEN F AUSTIN STATE UNIVERSITY,Matched,TX-STEPHEN F AUSTIN UNIVERSITY,0.9650808080808081
TEXHOMA ISD,TX,TX,TX-TEXHOMA ISD,Matched,TX-TEXHOMA ISD,1.0
TOWN OF ADDISON,TX,TX,TX-TOWN OF ADDISON,Matched,TX-TOWN OF MARION,0.8824532019704433
UNIVERSITY OF TEXAS AT AUSTIN,TX,TX,TX-UNIVERSITY OF TEXAS AT AUSTIN,Matched,TX-UNIVERSITY OF TEXAS AT HOUSTON,0.9434580946814728
VICTORIA COUNTY,TX,TX,TX-VICTORIA COUNTY,Matched,TX-COUNTY OF VICTORIA,0.8687929292929293
VICTORIA ISD,TX,TX,TX-VICTORIA ISD,Matched,TX-VICTORIA ISD,1.0
WASKOM ISD,TX,TX,TX-WASKOM ISD,Matched,TX-WASKOM ISD,1.0
WESTBROOK ISD,TX,TX,TX-WESTBROOK ISD,Matched,TX-WESTBROOK ISD,1.0
BOX ELDER SCHOOL DISTRICT,UT,UT,UT-BOX ELDER SCHOOL DISTRICT,Matched,UT-BOX ELDER COUNTY SCHOOL DISTRICT,0.9552931578947368
SALT LAKE CITY PUBLIC LIBRARY,UT,UT,UT-SALT LAKE CITY PUBLIC LIBRARY,Matched,UT-CITY OF SALT LAKE CITY,0.7872925987751973
SALT LAKE COUNTY,UT,UT,UT-SALT LAKE COUNTY,Matched,UT-COUNTY OF SALT LAKE,0.8690225563909775
LITTLETON SCHOOL DISTRICT SAU 84,VT,VT,VT-LITTLETON SCHOOL DISTRICT SAU 84,Matched,VT-MILL SCHOOL DISTRICT,0.7939795546558704
MOUNTAIN VIEWS SUPERVISORY UNION,VT,VT,VT-MOUNTAIN VIEWS SUPERVISORY UNION,Matched,VT-ORLEANS SUPERVISORY UNION,0.7858902745995424
ORLEANS CENTRAL SUPERVISORY UNION,VT,VT,VT-ORLEANS CENTRAL SUPERVISORY UNION,Matched,VT-ORLEANS SUPERVISORY UNION,0.9489500940438872
TACONIC AND GREEN REGIONAL SCHOOL DISTRICT,VT,VT,VT-TACONIC AND GREEN REGIONAL SCHOOL DISTRICT,Matched,VT-MILL SCHOOL DISTRICT,0.7468964669738863
TOWN OF WOODSTOCK,VT,VT,VT-TOWN OF WOODSTOCK,Matched,VT-TOWN OF WILLISTON,0.7904627450980393
ARLINGTON PUBLIC SCHOOLS,VA,VA,VA-ARLINGTON PUBLIC SCHOOLS,Matched,VA-NORTON CITY PUBLIC SCHOOLS,0.793174358974359
CAROLINE COUNTY PUBLIC SCHOOLS,VA,VA,VA-CAROLINE COUNTY PUBLIC SCHOOLS,Matched,VA-CAROLINE COUNTY PUBLIC SCHOOL DISTRICT,0.9099876160990713
CITY OF FALLS CHURCH,VA,VA,VA-CITY OF FALLS CHURCH,Matched,VA-CITY OF FALLS CHURCH,1.0
FAIRFAX COUNTY,VA,VA,VA-FAIRFAX COUNTY,Matched,VA-COUNTY OF FAIRFAX,0.8400338845215505
NORFOLK PUBLIC SCHOOLS,VA,VA,VA-NORFOLK PUBLIC SCHOOLS,Matched,VA-NORFOLK PUBLIC SCHOOL DISTRICT,0.8854051282051283
PRINCE WILLIAM COUNTY,VA,VA,VA-PRINCE WILLIAM COUNTY,Matched,VA-COUNTY OF PRINCE WILLIAM,0.9084523809523809
RICHMOND PUBLIC SCHOOLS,VA,VA,VA-RICHMOND PUBLIC SCHOOLS,Matched,VA-CITY OF RICHMOND PUBLIC SCHOOLS,0.9337474676640175
BELLINGHAM SD,WA,WA,WA-BELLINGHAM SD,Matched,WA-BELLINGHAM SCHOOL DISTRICT 501,0.9777285714285714
CENTRAL KITSAP SD,WA,WA,WA-CENTRAL KITSAP SD,Matched,WA-CENTRAL KITSAP SCHOOL DISTRICT 401,0.9806764705882353
CITY OF SHORELINE,WA,WA,WA-CITY OF SHORELINE,Matched,WA-CITY OF SHORELINE,1.0
CLE ELUM-ROSLYN SD,WA,WA,WA-CLE ELUM-ROSLYN SD,Matched,WA-CLE ELUM ROSLYN SCHOOL DISTRICT,1.0
EAST VALLEY SD,WA,WA,WA-E VALLEY SD,Matched,WA-METHOW VALLEY SCHOOL DISTRICT,0.9338826935588809
EASTERN WV COMMUNITY AND TECHNICAL COLLEGE,WA,WA,WA-EASTERN WV COMMUNITY AND TECHNICAL COLLEGE,Matched,WA-RENTON TECHNICAL COLLEGE,0.7684904761904763
EASTMONT SD,WA,WA,WA-EASTMONT SD,Matched,WA-EASTMONT SCHOOL DISTRICT 206,0.9753406593406593
EPHRATA SCHOOL DISTRICT 165,WA,WA,WA-EPHRATA SCHOOL DISTRICT 165,Matched,WA-EPHRATA SCHOOL DISTRICT 165,1.0
EVERETT PUBLIC SCHOOLS,WA,WA,WA-EVERETT PUBLIC SCHOOLS,Matched,WA-EVERETT PUBLIC LIBRARY,0.8103454545454546
HIGHLINE PUBLIC SCHOOLS,WA,WA,WA-HIGHLINE PUBLIC SCHOOLS,Matched,WA-WILLOW PUBLIC SCHOOLS,0.7882979299756793
ISSAQUAH SD 411,WA,WA,WA-ISSAQUAH SD 411,Matched,WA-ISSAQUAH SCHOOL DISTRICT 411,1.0
MCCLEARY SD,WA,WA,WA-MCCLEARY SD,Matched,WA-MCCLEARY SCHOOL DISTRICT 065,0.9753406593406593
MONROE SD,WA,WA,WA-MONROE SD,Matched,WA-MONROE SCHOOL DISTRICT 103,0.9743076923076923
MUKILTEO SCHOOL DISTRICT,WA,WA,WA-MUKILTEO SCHOOL DISTRICT,Matched,WA-MUKILTEO SCHOOL DISTRICT 6,0.9873538461538461
NEWPORT SD,WA,WA,WA-NEWPORT SD,Matched,WA-NEWPORT SCHOOL DISTRICT,1.0
NORTH KITSAP SD,WA,WA,WA-N KITSAP SD,Matched,WA-NORTH KITSAP SCHOOL DISTRICT 400,0.9119571428571428
NORTHSHORE SCHOOL DISTRICT,WA,WA,WA-NORTHSHORE SCHOOL DISTRICT,Matched,WA-NORTHSHORE SCHOOL DISTRICT 417,0.9777285714285714
OAK HARBOR PUBLIC SCHOOLS,WA,WA,WA-OAK HARBOR PUBLIC SCHOOLS,Matched,WA-OAK HARBOR CHRISTIAN SCHOOL,0.7989316727716729
OCEAN BEACH SD,WA,WA,WA-OCEAN BEACH SD,Matched,WA-OCEAN BEACH SCHOOL DISTRICT,1.0
OLYMPIA SCHOOL DISTRICT,WA,WA,WA-OLYMPIA SCHOOL DISTRICT,Matched,WA-OLYMPIA SCHOOL DISTRICT 111,0.9748444444444444
PORT TOWNSEND SD,WA,WA,WA-PORT TOWNSEND SD,Matched,WA-PORT TOWNSEND SCHOOL DISTRICT 50,0.9843483606557377
REARDAN-EDWALL SD,WA,WA,WA-REARDAN-EDWALL SD,Matched,WA-REARDAN EDWALL SCHOOL DISTRICT 9,0.9901290322580645
RIVERVIEW SD,WA,WA,WA-RIVERVIEW SD,Matched,WA-RIVERVIEW SCHOOL DISTRICT,1.0
SOUTH COUNTY FIRE SNOHOMISH,WA,WA,WA-S COUNTY FIRE SNOHOMISH,Matched,WA-COUNTY OF SNOHOMISH,0.8783784497475573
UNIVERSITY PLACE SD,WA,WA,WA-UNIVERSITY PLACE SD,Matched,WA-UNIVERSITY PLACE SCHOOL DISTRICT 83,0.986569722814499
WENATCHEE SCHOOL DISTRICT,WA,WA,WA-WENATCHEE SCHOOL DISTRICT,Matched,WA-WENATCHEE SCHOOL DISTRICT 246,0.9773007662835249
WEST VALLEY SD,WA,WA,WA-W VALLEY SD,Matched,WA-WISHKAH VALLEY SCHOOL DISTRICT,0.9265666666666666
WHITE SALMON SD,WA,WA,WA-WHITE SALMON SD,Matched,WA-WHITE SALMON VALLEY SCHOOL DISTRICT 405-17,0.9354285714285714
YAKIMA SD,WA,WA,WA-YAKIMA SD,Matched,WA-YAKIMA SCHOOL DISTRICT,1.0
PRESTON COUNTY,WV,WV,WV-PRESTON COUNTY,Matched,WV-PRESTON COUNTY BOARD OF EDUCATION,0.8776711798839458
ALTOONA SD,WI,WI,WI-ALTOONA SD,Matched,WI-ALTOONA SCHOOL DISTRICT,1.0
BELOIT SD,WI,WI,WI-BELOIT SD,Matched,WI-BELOIT SCHOOL DISTRICT,1.0
BLOOMER SD,WI,WI,WI-BLOOMER SD,Matched,WI-BLOOMER SCHOOL DISTRICT,1.0
DE SOTO AREA SD,WI,WI,WI-DE SOTO AREA SD,Matched,WI-DE SOTO AREA SCHOOL DISTRICT,1.0
HOWARD-SUAMICO SD,WI,WI,WI-HOWARD-SUAMICO SD,Matched,WI-HOWARD SAUMICO SCHOOL DISTRICT,0.9517333333333333
MILWAUKEE COUNTY,WI,WI,WI-MILWAUKEE COUNTY,Matched,WI-COUNTY OF MILWAUKEE,0.8666353383458647
MILWAUKEE PUBLIC SCHOOLS,WI,WI,WI-MILWAUKEE PUBLIC SCHOOLS,Matched,WI-MILWAUKEE PUBLIC SCHOOL DISTRICT,0.8920571428571429
WHITEFISH BAY SD,WI,WI,WI-WHITEFISH BAY SD,Matched,WI-WHITEFISH BAY SCHOOL DISTRICT,1.0
WINNEBAGO COUNTY,WI,WI,WI-WINNEBAGO COUNTY,Matched,WI-COUNTY OF WINNEBAGO,0.8632406015037595
