Partial_Entity_Name,State,State_Short,Full_Entity_Name
AUBURN CITY SCHOOLS,Alabama,AL,AL-AUBURN CITY SCHOOLS
CITY OF ANCHORAGE,Alaksa,AK,AK-CITY OF ANCHORAGE
CITY AND BOROUGH OF JUNEAU,Alaska,AK,AK-CITY AND BOROUGH OF JUNEAU
CITY OF KINGMAN,Arizona,AZ,AZ-CITY OF KINGMAN
CLARKDALE COUNTY,Arizona,AZ,AZ-CLARKDALE COUNTY
NORTHWEST FIRE DISTRICT,Arizona,AZ,AZ-NORTHWEST FIRE DISTRICT
PIMA COMMUNITY COLLEGE,Arizona,AZ,AZ-PIMA COMMUNITY COLLEGE
PIMA JTED,Arizona,AZ,AZ-PIMA JTED
SCOTTSDALE USD,Arizona,AZ,AZ-SCOTTSDALE USD
TOWN OF CAMP VERDE,Arizona,AZ,AZ-TOWN OF CAMP VERDE
TOWN OF PRESCOTT VALLEY,Arizona,AZ,AZ-TOWN OF PRESCOTT VALLEY
YAVAPAI COUNTY,Arizona,AZ,AZ-YAVAPAI COUNTY
YUMA ESD NO 1,Arizona,AZ,AZ-YUMA ESD # 1
BENTONVILLE SD,Arkansas,AR,AR-BENTONVILLE SD
CITY OF BELLA VISTA,Arkansas,AR,AR-CITY OF BELLA VISTA
CITY OF CONWAY,Arkansas,AR,AR-CITY OF CONWAY
CITY OF FAYETTEVILLE,Arkansas,AR,AR-CITY OF FAYETTEVILLE
CITY OF SHERIDAN,Arkansas,AR,AR-CITY OF SHERIDAN
CITY OF SHERWOOD,Arkansas,AR,AR-CITY OF SHERWOOD
CITY OF TEXARKANA,Arkansas,AR,AR-CITY OF TEXARKANA
MONTICELLO SD,Arkansas,AR,AR-MONTICELLO SD
SPRINGDALE SD,Arkansas,AR,AR-SPRINGDALE SD
ANTELOPE VALLEY COMMUNITY COLLEGE DISTRICT,California,CA,CA-ANTELOPE VALLEY COMMUNITY COLLEGE DISTRICT
BELLFLOWER USD,California,CA,CA-BELLFLOWER USD
BONITA USD,California,CA,CA-BONITA USD
BREA OLINDA USD,California,CA,CA-BREA OLINDA USD
BRET HARTE UNION HSD,California,CA,CA-BRET HARTE UNION HSD
BURLINGAME SD,California,CA,CA-BURLINGAME SD
CASTRO VALLEY USD,California,CA,CA-CASTRO VALLEY USD
CENTRAL MARIN FIRE AUTHORITY,California,CA,CA-CENTRAL MARIN FIRE AUTHORITY
CHABOT LAS POSITAS COMMUNITY COLLEGE DISTRICT,California,CA,CA-CHABOT LAS POSITAS COMMUNITY COLLEGE DISTRICT
CITY OF BERKELEY,California,CA,CA-CITY OF BERKELEY
CITY OF FULLERTON,California,CA,CA-CITY OF FULLERTON
CITY OF GILROY,California,CA,CA-CITY OF GILROY
CITY OF HUNTINGTON BEACH,California,CA,CA-CITY OF HUNTINGTON BEACH
CITY OF LAGUNA BEACH,California,CA,CA-CITY OF LAGUNA BEACH
CITY OF MANTECA,California,CA,CA-CITY OF MANTECA
CITY OF ORLAND,California,CA,CA-CITY OF ORLAND
CITY OF PALO ALTO,California,CA,CA-CITY OF PALO ALTO
CITY OF SANTA MONICA,California,CA,CA-CITY OF SANTA MONICA
CITY OF SIGNAL HILL,California,CA,CA-CITY OF SIGNAL HILL
CITY OF SOUTH PASADENA,California,CA,CA-CITY OF S PASADENA
CITY OF VENTURA,California,CA,CA-CITY OF VENTURA
CITY OF WEST SACRAMENTO,California,CA,CA-CITY OF W SACRAMENTO
COAST COMMUNITY COLLEGE DISTRICT,California,CA,CA-COAST COMMUNITY COLLEGE DISTRICT
COLLEGE OF SEQUOIAS,California,CA,CA-COLLEGE OF SEQUOIAS
CONTRA COSTA COMMUNITY COLLEGE DISTRICT,California,CA,CA-CONTRA COSTA COMMUNITY COLLEGE DISTRICT
COSUMNES RIVER COLLEGE,California,CA,CA-COSUMNES RIVER COLLEGE
CYPRESS SD,California,CA,CA-CYPRESS SD
DIXON USD,California,CA,CA-DIXON USD
DOS PALOS ORO LOMA JOINT USD,California,CA,CA-DOS PALOS ORO LOMA JOINT USD
DRY CREEK JOINT ESD,California,CA,CA-DRY CREEK JOINT ESD
EAST WHITTIER SD,California,CA,CA-E WHITTIER SD
EL CAMINO COLLEGE,California,CA,CA-EL CAMINO COLLEGE
EL CENTRO ESD,California,CA,CA-EL CENTRO ESD
EL MONTE UNION HIGH SD,California,CA,CA-EL MONTE UNION HIGH SD
EUREKA UNION SD,California,CA,CA-EUREKA UNION SD
FOLSOM-CORDOVA USD,California,CA,CA-FOLSOM-CORDOVA USD
FOOTHILL-DE ANZA COMMUNITY COLLEGE,California,CA,CA-FOOTHILL-DE ANZA COMMUNITY COLLEGE
GILROY USD,California,CA,CA-GILROY USD
GLENDALE USD,California,CA,CA-GLENDALE USD
GLENDORA USD,California,CA,CA-GLENDORA USD
GROSSMONT-CUYAMACA COMMUNITY COLLEGE DISTRICT,California,CA,CA-GROSSMONT-CUYAMACA COMMUNITY COLLEGE DISTRICT
HARTNELL COLLEGE,California,CA,CA-HARTNELL COLLEGE
LA CAADA USD,California,CA,CA-LA CAADA USD
LA MESA-SPRING VALLEY SCHOOLS,California,CA,CA-LA MESA-SPRING VALLEY SCHOOLS
LA MESA-SPRING VALLEY SD,California,CA,CA-LA MESA-SPRING VALLEY SD
LAGUNA BEACH USD,California,CA,CA-LAGUNA BEACH USD
LAKEPORT USD,California,CA,CA-LAKEPORT USD
LAWNDALE ELEMENTARY SD,California,CA,CA-LAWNDALE ELEMENTARY SD
LIVERMORE VALLEY JOINT USD,California,CA,CA-LIVERMORE VALLEY JOINT USD
LOS BAOS USD,California,CA,CA-LOS BAOS USD
LOS RIOS COMMUNITY COLLEGE DISTRICT,California,CA,CA-LOS RIOS COMMUNITY COLLEGE DISTRICT
MANTECA USD,California,CA,CA-MANTECA USD
MENDOCINO COAST HEALTH CARE DISTRICT,California,CA,CA-MENDOCINO COAST HEALTH CARE DISTRICT
MODESTO JUNIOR COLLEGE,California,CA,CA-MODESTO JUNIOR COLLEGE
MONTEREY PENINSULA USD,California,CA,CA-MONTEREY PENINSULA USD
MORGAN HILL USD,California,CA,CA-MORGAN HILL USD
MOUNTAIN EMPIRE USD,California,CA,CA-MOUNTAIN EMPIRE USD
MT DIABLO USD,California,CA,CA-MT DIABLO USD
MURRIETA VALLEY USD,California,CA,CA-MURRIETA VALLEY USD
NEWCASTLE ESD,California,CA,CA-NEWCASTLE ESD
OAKLAND USD,California,CA,CA-OAKLAND USD
OAKLEY UNION ELEMENTARY USD,California,CA,CA-OAKLEY UNION ELEMENTARY USD
OAKLEY UNION ESD,California,CA,CA-OAKLEY UNION ESD
OROVILLE UNION HIGH SD,California,CA,CA-OROVILLE UNION HIGH SD
PALM SPRINGS USD,California,CA,CA-PALM SPRINGS USD
PARAMOUNT USD,California,CA,CA-PARAMOUNT USD
PASO ROBLES JOINT USD,California,CA,CA-PASO ROBLES JOINT USD
PLACENTIA-YORBA LINDA USD,California,CA,CA-PLACENTIA-YORBA LINDA USD
POWAY UNIFIED SCHOOL DISTRICT,California,CA,CA-POWAY UNIFIED SCHOOL DISTRICT
REDLANDS USD,California,CA,CA-REDLANDS USD
REDWOOD CITY SD,California,CA,CA-REDWOOD CITY SD
REED UNION SD,California,CA,CA-REED UNION SD
SALINAS CITY ESD,California,CA,CA-SALINAS CITY ESD
SAN BERNARDINO TRANSPORTATION AUTHORITY,California,CA,CA-SAN BERNARDINO TRANSPORTATION AUTHORITY
SAN BERNARDINO COMMUNITY COLLEGE DISTRICT,California,CA,CA-SAN BERNARDINO COMMUNITY COLLEGE DISTRICT
SAN DIEGO COUNTY,California,CA,CA-SAN DIEGO COUNTY
SAN DIEGO USD,California,CA,CA-SAN DIEGO USD
SAN DIEGUITO UNION HIGH SD,California,CA,CA-SAN DIEGUITO UNION HIGH SD
SAN JOS EVERGREEN COMMUNITY COLLEGE,California,CA,CA-SAN JOS EVERGREEN COMMUNITY COLLEGE
SAN MATEO COMMUNITY COLLEGE DISTRICT,California,CA,CA-SAN MATEO COMMUNITY COLLEGE DISTRICT
SAN MATEO COUNTY OFFICE OF EDUCATION,California,CA,CA-SAN MATEO COUNTY OFFICE OF EDUCATION
SAN MATEO-FOSTER CITY SD,California,CA,CA-SAN MATEO-FOSTER CITY SD
SANTA CLARA USD,California,CA,CA-SANTA CLARA USD
SANTA ROSA JUNIOR COLLEGE,California,CA,CA-SANTA ROSA JUNIOR COLLEGE
SIMI VALLEY USD,California,CA,CA-SIMI VALLEY USD
SOUTH ORANGE COUNTY COMMUNITY COLLEGE DISTRICT,California,CA,CA-S ORANGE COUNTY COMMUNITY COLLEGE DISTRICT
SULPHUR SPRINGS UNION SD,California,CA,CA-SULPHUR SPRINGS UNION SD
SUMMERVILLE UNION HSD,California,CA,CA-SUMMERVILLE UNION HSD
TEHACHAPI USD,California,CA,CA-TEHACHAPI USD
TEMECULA VALLEY USD,California,CA,CA-TEMECULA VALLEY USD
TOWN OF ROSS,California,CA,CA-TOWN OF ROSS
TRUCKEE DONNER RECREATION AND PARK DISTRICT,California,CA,CA-TRUCKEE DONNER RECREATION AND PARK DISTRICT
TWIN HILLS UNION SD,California,CA,CA-TWIN HILLS UNION SD
UKIAH USD,California,CA,CA-UKIAH USD
UNIVERSITY OF CALIFORNIA DAVIS,California,CA,CA-UNIVERSITY OF CALIFORNIA DAVIS
VACAVILLE USD,California,CA,CA-VACAVILLE USD
VISALIA USD,California,CA,CA-VISALIA USD
WASHINGTON USD,California,CA,CA-WASHINGTON USD
WEST CONTRA COSTA USD,California,CA,CA-W CONTRA COSTA USD
WESTERN PLACER USD,California,CA,CA-WESTERN PLACER USD
WESTMINSTER SD,California,CA,CA-WESTMINSTER SD
YOSEMITE COMMUNITY COLLEGE DISTRICT,California,CA,CA-YOSEMITE COMMUNITY COLLEGE DISTRICT
YOSEMITE USD,California,CA,CA-YOSEMITE USD
ADAMS COUNTY,Colorado,CO,CO-ADAMS COUNTY
ARCHULETA SD,Colorado,CO,CO-ARCHULETA SD
CITY OF AURORA,Colorado,CO,CO-CITY OF AURORA
CITY OF GRAND JUNCTION,Colorado,CO,CO-CITY OF GRAND JUNCTION
COLORADO SPRINGS SD 11,Colorado,CO,CO-COLORADO SPRINGS SD 11
COLORADO STATE UNIVERSITY,Colorado,CO,CO-COLORADO STATE UNIVERSITY
ESTES PARK SD,Colorado,CO,CO-ESTES PARK SD
GREELEY-EVANS SCHOOL DISTRICT 6,Colorado,CO,CO-GREELEY-EVANS SCHOOL DISTRICT 6
JEFFERSON COUNTY,Colorado,CO,CO-JEFFERSON COUNTY
LARIMER COUNTY,Colorado,CO,CO-LARIMER COUNTY
NORTH CONEJOS SD,Colorado,CO,CO-N CONEJOS SD
OURAY SD,Colorado,CO,CO-OURAY SD
SUMMIT SCHOOL DISTRICT,Colorado,CO,CO-SUMMIT SCHOOL DISTRICT
TOWN OF GYPSUM,Colorado,CO,CO-TOWN OF GYPSUM
TOWN OF TIMNATH,Colorado,CO,CO-TOWN OF TIMNATH
WELD COUNTY,Colorado,CO,CO-WELD COUNTY
BRIDGEPORT PUBLIC SCHOOLS,Connecticut,CT,CT-BRIDGEPORT PUBLIC SCHOOLS
MILFORD PUBLIC SCHOOLS,Connecticut,CT,CT-MILFORD PUBLIC SCHOOLS
TOWN OF MADISON,Connecticut,CT,CT-TOWN OF MADISON
TOWN OF WATERTOWN,Connecticut,CT,CT-TOWN OF WATERTOWN
VERNON PUBLIC SCHOOLS,Connecticut,CT,CT-VERNON PUBLIC SCHOOLS
CAPTIVA ISLAND FIRE CONTROL DISTRICT,Florida,FL,FL-CAPTIVA ISLAND FIRE CONTROL DISTRICT
CITY OF BOCA RATON,Florida,FL,FL-CITY OF BOCA RATON
CITY OF ST PETERSBURG,Florida,FL,FL-CITY OF ST PETERSBURG
CITY OF TEMPLE TERRACE,Florida,FL,FL-CITY OF TEMPLE TERRACE
HERNANDO COUNTY SCHOOL DISTRICT,Florida,FL,FL-HERNANDO COUNTY SCHOOL DISTRICT
OSCEOLA COUNTY,Florida,FL,FL-OSCEOLA COUNTY
SARASOTA COUNTY,Florida,FL,FL-SARASOTA COUNTY
UNIVERSITY OF NORTH FLORIDA,Florida,FL,FL-UNIVERSITY OF N FLORIDA
ATHENS-CLARKE COUNTY,Georgia,GA,GA-ATHENS-CLARKE COUNTY
ATLANTA PUBLIC SCHOOLS,Georgia,GA,GA-ATLANTA PUBLIC SCHOOLS
CITY OF AUGUSTA,Georgia,GA,GA-CITY OF AUGUSTA
DECATUR CITY SCHOOLS,Georgia,GA,GA-DECATUR CITY SCHOOLS
FORSYTH COUNTY,Georgia,GA,GA-FORSYTH COUNTY
SPALDING COUNTY,Georgia,GA,GA-SPALDING COUNTY
UNION COUNTY,Georgia,GA,GA-UNION COUNTY
KIMBERLY SD,Idaho,ID,ID-KIMBERLY SD
BALL CHATHAM CUSD5,Illinois,IL,IL-BALL CHATHAM CUSD5
CITY OF BATAVIA,Illinois,IL,IL-CITY OF BATAVIA
CITY OF GENEVA,Illinois,IL,IL-CITY OF GENEVA
CITY OF PROSPECT HEIGHTS,Illinois,IL,IL-CITY OF PROSPECT HEIGHTS
COLLEGE OF DUPAGE,Illinois,IL,IL-COLLEGE OF DUPAGE
DEERFIELD PUBLIC SD 109,Illinois,IL,IL-DEERFIELD PUBLIC SD 109
DUNDEE TOWNSHIP PARK DISTRICT,Illinois,IL,IL-DUNDEE TOWNSHIP PARK DISTRICT
EAST AURORA SCHOOL DISTRICT 131,Illinois,IL,IL-E AURORA SCHOOL DISTRICT 131
EFFINGHAM UNIT 40 SCHOOLS,Illinois,IL,IL-EFFINGHAM UNIT 40 SCHOOLS
EVERGREEN PARK ESD 124,Illinois,IL,IL-EVERGREEN PARK ESD 124
GLENBROOK HSD,Illinois,IL,IL-GLENBROOK HSD
GLENCOE PUBLIC LIBRARY,Illinois,IL,IL-GLENCOE PUBLIC LIBRARY
HIGH SCHOOL DISTRICT 214,Illinois,IL,IL-HIGH SCHOOL DISTRICT 214
LAWRENCE PUBLIC LIBRARY DISTRICT,Illinois,IL,IL-LAWRENCE PUBLIC LIBRARY DISTRICT
LINCOLNWOOD SD 74,Illinois,IL,IL-LINCOLNWOOD SD 74
MORAINE VALLEY COMMUNITY COLLEGE,Illinois,IL,IL-MORAINE VALLEY COMMUNITY COLLEGE
NAPERVILLE PARK DISTRICT,Illinois,IL,IL-NAPERVILLE PARK DISTRICT
OSWEGO CUSD 308,Illinois,IL,IL-OSWEGO CUSD 308
PEORIA COUNTY,Illinois,IL,IL-PEORIA COUNTY
RIVERBEND COMMUNITY UNIT SD,Illinois,IL,IL-RIVERBEND COMMUNITY UNIT SD
ROCKFORD PUBLIC SCHOOLS 205,Illinois,IL,IL-ROCKFORD PUBLIC SCHOOLS 205
SHAWNEE COMMUNITY COLLEGE,Illinois,IL,IL-SHAWNEE COMMUNITY COLLEGE
SOUTHERN ILLINOIS UNIVERSITY CARBONDALE,Illinois,IL,IL-SOUTHERN ILLINOIS UNIVERSITY CARBONDALE
ST CHARLES CLOUD CUSD 303,Illinois,IL,IL-ST CHARLES CLOUD CUSD 303
SUNSET RIDGE SD 29,Illinois,IL,IL-SUNSET RIDGE SD 29
TRI-STATE FIRE PROTECTION DISTRICT,Illinois,IL,IL-TRI-STATE FIRE PROTECTION DISTRICT
VILLAGE OF BROOKFIELD,Illinois,IL,IL-VILLAGE OF BROOKFIELD
VILLAGE OF GLEN CARBON,Illinois,IL,IL-VILLAGE OF GLEN CARBON
VILLAGE OF LA GRANGE PARK,Illinois,IL,IL-VILLAGE OF LA GRANGE PARK
VILLAGE OF RIVERSIDE,Illinois,IL,IL-VILLAGE OF RIVERSIDE
YORKVILLE SD 115,Illinois,IL,IL-YORKVILLE SD 115
YORKVILLE SD 155,Illinois,IL,IL-YORKVILLE SD 155
WESTERN SCHOOL,Indiana,IN,IN-WESTERN SCHOOL
ADAIRCASEY AND GUTHRIE CENTER SD,Iowa,IA,IA-ADAIRCASEY AND GUTHRIE CENTER SD
CENTRAL DEWITT CSD,Iowa,IA,IA-CENTRAL DEWITT CSD
CITY OF BELLEVUE,Iowa,IA,IA-CITY OF BELLEVUE
CITY OF MARION,Iowa,IA,IA-CITY OF MARION
CITY OF URBANDALE,Iowa,IA,IA-CITY OF URBANDALE
COLUMBUS CSD,Iowa,IA,IA-COLUMBUS CSD
DAVENPORT CSD,Iowa,IA,IA-DAVENPORT CSD
EASTON VALLEY CSD,Iowa,IA,IA-EASTON VALLEY CSD
GEORGE-LITTLE ROCK CSD,Iowa,IA,IA-GEORGE-LITTLE ROCK CSD
IOWA CITY CSD,Iowa,IA,IA-IOWA CITY CSD
JOHNSON COUNTY,Iowa,IA,IA-JOHNSON COUNTY
LINN-MAR CSD,Iowa,IA,IA-LINN-MAR CSD
URBANDALE CSD,Iowa,IA,IA-URBANDALE CSD
CITY OF WICHITA,Kansas,KS,KS-CITY OF WICHITA
CLAY COUNTY USD 379,Kansas,KS,KS-CLAY COUNTY USD 379
DE SOTO USD 232,Kansas,KS,KS-DE SOTO USD 232
DERBY PUBLIC SCHOOLS,Kansas,KS,KS-DERBY PUBLIC SCHOOLS
HIAWATHA USD 415,Kansas,KS,KS-HIAWATHA USD 415
JEFFERSON WEST USD 340,Kansas,KS,KS-JEFFERSON W USD 340
JOHNSON COUNTY COMMUNITY COLLEGE,Kansas,KS,KS-JOHNSON COUNTY COMMUNITY COLLEGE
MCPHERSON PUBLIC SCHOOLS,Kansas,KS,KS-MCPHERSON PUBLIC SCHOOLS
MOREHEAD STATE UNIVERSITY,Kansas,KS,KS-MOREHEAD STATE UNIVERSITY
MORRIS COUNTY USD 417,Kansas,KS,KS-MORRIS COUNTY USD 417
NEWTON PUBLIC SCHOOLS,Kansas,KS,KS-NEWTON PUBLIC SCHOOLS
NORTH LYON COUNTY USD 251,Kansas,KS,KS-N LYON COUNTY USD 251
OLATHE PUBLIC SCHOOLS,Kansas,KS,KS-OLATHE PUBLIC SCHOOLS
RUSSELL USD 407,Kansas,KS,KS-RUSSELL USD 407
WELLINGTON USD 353,Kansas,KS,KS-WELLINGTON USD 353
WICHITA SD,Kansas,KS,KS-WICHITA SD
LOGAN COUNTY SCHOOLS,Kentucky,KY,KY-LOGAN COUNTY SCHOOLS
LOUISVILLE AND JEFFERSON RIVERPORT AUTHORITY,Kentucky,KY,KY-LOUISVILLE AND JEFFERSON RIVERPORT AUTHORITY
CALCASIEU PARISH SCHOOLS,Louisiana,LA,LA-CALCASIEU PARISH SCHOOLS
CITY OF NEW ORLEANS,Louisiana,LA,LA-CITY OF NEW ORLEANS
EAST BATON ROUGE PARISH LIBRARY DISTRICT,Louisiana,LA,LA-E BATON ROUGE PARISH LIBRARY DISTRICT
EAST BATON ROUGH SCHOOLS,Louisiana,LA,LA-E BATON ROUGH SCHOOLS
JEFF DAVIS PARISH,Louisiana,LA,LA-JEFF DAVIS PARISH
NATCHITOCHES PARISH SCHOOLS,Louisiana,LA,LA-NATCHITOCHES PARISH SCHOOLS
PLAQUEMINES PARISH PUBLIC SCHOOLS,Louisiana,LA,LA-PLAQUEMINES PARISH PUBLIC SCHOOLS
CITY OF SOUTH PORTLAND,Maine,ME,ME-CITY OF S PORTLAND
ANNE ARUNDEL COUNTY PUBLIC SCHOOLS,Maryland,MD,MD-ANNE ARUNDEL COUNTY PUBLIC SCHOOLS
BETHESDA COUNTY PUBLIC SCHOOLS,Maryland,MD,MD-BETHESDA COUNTY PUBLIC SCHOOLS
HAGERSTOWN COMMUNITY COLLEGE,Maryland,MD,MD-HAGERSTOWN COMMUNITY COLLEGE
HOWARD COMMUNITY COLLEGE,Maryland,MD,MD-HOWARD COMMUNITY COLLEGE
PRINCE GEORGES COUNTY PUBLIC SCHOOLS,Maryland,MD,MD-PRINCE GEORGES COUNTY PUBLIC SCHOOLS
TOWSON UNIVERSITY,Maryland,MD,MD-TOWSON UNIVERSITY
WASHINGTON COUNTY PUBLIC SCHOOLS,Maryland,MD,MD-WASHINGTON COUNTY PUBLIC SCHOOLS
WICOMICO COUNTY PUBLIC SCHOOLS,Maryland,MD,MD-WICOMICO COUNTY PUBLIC SCHOOLS
BARNSTABLE COUNTY,Massachusetts,MA,MA-BARNSTABLE COUNTY
BLACKSTONE-MILLVILLE REGIONAL SD,Massachusetts,MA,MA-BLACKSTONE-MILLVILLE REGIONAL SD
BRAINTREE PUBLIC SCHOOLS,Massachusetts,MA,MA-BRAINTREE PUBLIC SCHOOLS
CITY OF PITTSVILLE,Massachusetts,MA,MA-CITY OF PITTSVILLE
LEXINGTON PUBLIC SCHOOLS,Massachusetts,MA,MA-LEXINGTON PUBLIC SCHOOLS
MARTHAS VINEYARD PUBLIC SCHOOLS,Massachusetts,MA,MA-MARTHAS VINEYARD PUBLIC SCHOOLS
TOWN OF DEDHAM,Massachusetts,MA,MA-TOWN OF DEDHAM
TOWN OF NORTH READING,Massachusetts,MA,MA-TOWN OF N READING
TOWN OF WAYLAND,Massachusetts,MA,MA-TOWN OF WAYLAND
TOWN OF WESTON,Massachusetts,MA,MA-TOWN OF WESTON
WESTWOOD PUBLIC SCHOOLS,Massachusetts,MA,MA-WESTWOOD PUBLIC SCHOOLS
WINCHESTER PUBLIC SCHOOLS,Massachusetts,MA,MA-WINCHESTER PUBLIC SCHOOLS
ADRIAN PUBLIC SCHOOL DISTRICT,Michigan,MI,MI-ADRIAN PUBLIC SCHOOL DISTRICT
ALPENA PUBLIC SCHOOLS,Michigan,MI,MI-ALPENA PUBLIC SCHOOLS
BAY CITY PUBLIC SCHOOLS,Michigan,MI,MI-BAY CITY PUBLIC SCHOOLS
BRIGHTON AREA SCHOOLS,Michigan,MI,MI-BRIGHTON AREA SCHOOLS
CITY OF GROSSE POINTE PARK,Michigan,MI,MI-CITY OF GROSSE POINTE PARK
CITY OF JACKSON,Michigan,MI,MI-CITY OF JACKSON
CITY OF MIDLAND,Michigan,MI,MI-CITY OF MIDLAND
CITY OF NEGAUNEE,Michigan,MI,MI-CITY OF NEGAUNEE
CITY OF NEW BALTIMORE,Michigan,MI,MI-CITY OF NEW BALTIMORE
CITY OF POTTERVILLE,Michigan,MI,MI-CITY OF POTTERVILLE
CITY OF ST JOSEPH,Michigan,MI,MI-CITY OF ST JOSEPH
CITY OF ZEELAND,Michigan,MI,MI-CITY OF ZEELAND
COLDWATER COMMUNITY SCHOOLS,Michigan,MI,MI-COLDWATER COMMUNITY SCHOOLS
CORUNNA PUBLIC SCHOOLS,Michigan,MI,MI-CORUNNA PUBLIC SCHOOLS
DEARBORN PUBLIC SCHOOLS,Michigan,MI,MI-DEARBORN PUBLIC SCHOOLS
ESSEXVILLE-HAMPTON PUBLIC SCHOOLS,Michigan,MI,MI-ESSEXVILLE-HAMPTON PUBLIC SCHOOLS
GRAND HAVEN AREA PUBLIC SCHOOLS,Michigan,MI,MI-GRAND HAVEN AREA PUBLIC SCHOOLS
GRASS LAKE COMMUNITY SCHOOLS,Michigan,MI,MI-GRASS LAKE COMMUNITY SCHOOLS
GWINN AREA COMMUNITY SCHOOLS,Michigan,MI,MI-GWINN AREA COMMUNITY SCHOOLS
HILLSDALE COUNTY,Michigan,MI,MI-HILLSDALE COUNTY
HOPKINS PUBLIC SCHOOLS,Michigan,MI,MI-HOPKINS PUBLIC SCHOOLS
KEWEENAW BAY OJIBWA COMMUNITY COLLEGE,Michigan,MI,MI-KEWEENAW BAY OJIBWA COMMUNITY COLLEGE
MARQUETTE AREA SD,Michigan,MI,MI-MARQUETTE AREA SD
MESICK CONSOLIDATED SCHOOLS,Michigan,MI,MI-MESICK CONSOLIDATED SCHOOLS
MIDLAND PUBLIC SCHOOLS,Michigan,MI,MI-MIDLAND PUBLIC SCHOOLS
QUINCY COMMUNITY SCHOOLS,Michigan,MI,MI-QUINCY COMMUNITY SCHOOLS
RIVER VALLEY SD,Michigan,MI,MI-RIVER VALLEY SD
ROSEVILLE COMMUNITY SCHOOLS,Michigan,MI,MI-ROSEVILLE COMMUNITY SCHOOLS
ST CHARLES COMMUNITY SCHOOLS,Michigan,MI,MI-ST CHARLES COMMUNITY SCHOOLS
STURGIS PUBLIC SCHOOLS,Michigan,MI,MI-STURGIS PUBLIC SCHOOLS
VILLAGE OF VICKSBURG,Michigan,MI,MI-VILLAGE OF VICKSBURG
WEST SHORE COMMUNITY COLLEGE,Michigan,MI,MI-W SHORE COMMUNITY COLLEGE
YALE PUBLIC SCHOOLS,Michigan,MI,MI-YALE PUBLIC SCHOOLS
CHISAGO LAKES SD,Minnesota,MN,MN-CHISAGO LAKES SD
CITY OF MORA,Minnesota,MN,MN-CITY OF MORA
CITY OF ST CLOUD,Minnesota,MN,MN-CITY OF ST CLOUD
FLOODWOOD SD,Minnesota,MN,MN-FLOODWOOD SD
ISANTI COUNTY,Minnesota,MN,MN-ISANTI COUNTY
MONTEVIDEO PUBLIC SCHOOLS,Minnesota,MN,MN-MONTEVIDEO PUBLIC SCHOOLS
MOWER COUNTY,Minnesota,MN,MN-MOWER COUNTY
NEVIS PUBLIC SCHOOL,Minnesota,MN,MN-NEVIS PUBLIC SCHOOL
OSAKIS PUBLIC SCHOOL,Minnesota,MN,MN-OSAKIS PUBLIC SCHOOL
ROBBINSDALE AREA PUBLIC SCHOOLS,Minnesota,MN,MN-ROBBINSDALE AREA PUBLIC SCHOOLS
RUSHFORD-PETERSON SCHOOLS,Minnesota,MN,MN-RUSHFORD-PETERSON SCHOOLS
WASHINGTON COUNTY,Minnesota,MN,MN-WASHINGTON COUNTY
WAYZATA PUBLIC SCHOOLS,Minnesota,MN,MN-WAYZATA PUBLIC SCHOOLS
BROOKFIELD R-III SD,Missouri,MO,MO-BROOKFIELD R-III SD
CALIFORNIA R-1 SD,Missouri,MO,MO-CALIFORNIA R-1 SD
CARROLLTON R-VII SCHOOL DISTRICT,Missouri,MO,MO-CARROLLTON R-VII SCHOOL DISTRICT
CITY OF BLUE SPRINGS,Missouri,MO,MO-CITY OF BLUE SPRINGS
CITY OF MAPLEWOOD,Missouri,MO,MO-CITY OF MAPLEWOOD
CITY OF ST JOSEPH,Missouri,MO,MO-CITY OF ST JOSEPH
CLAYTON SD,Missouri,MO,MO-CLAYTON SD
FAYETTE R-III SD,Missouri,MO,MO-FAYETTE R-III SD
FORT OSAGE SD,Missouri,MO,MO-FORT OSAGE SD
GASCONADE COUNTY R-2 SD,Missouri,MO,MO-GASCONADE COUNTY R-2 SD
GRAIN VALLEY R-V,Missouri,MO,MO-GRAIN VALLEY R-V
MISSOURI STATE UNIVERSITY,Missouri,MO,MO-MISSOURI STATE UNIVERSITY
MOBERLY SCHOOL DISTRICT,Missouri,MO,MO-MOBERLY SCHOOL DISTRICT
RAYMORE-PECULIAR SD,Missouri,MO,MO-RAYMORE-PECULIAR SD
SIKESTON PUBLIC SCHOOLS,Missouri,MO,MO-SIKESTON PUBLIC SCHOOLS
STEELVILLE R-3 SD,Missouri,MO,MO-STEELVILLE R-3 SD
VAN-FAR R-I SD,Missouri,MO,MO-VAN-FAR R-I SD
WASHINGTON SCHOOL DISTRICT,Missouri,MO,MO-WASHINGTON SCHOOL DISTRICT
FLATHEAD COUNTY,Montana,MT,MT-FLATHEAD COUNTY
MONTANA STATE UNIVERSITY,Montana,MT,MT-MONTANA STATE UNIVERSITY
MONTANA TECH,Montana,MT,MT-MONTANA TECH
YELLOWSTONE COUNTY,Montana,MT,MT-YELLOWSTONE COUNTY
FALLS CITY PUBLIC SCHOOLS,Nebraska,NE,NE-FALLS CITY PUBLIC SCHOOLS
HUMPHREY PUBLIC SCHOOLS,Nebraska,NE,NE-HUMPHREY PUBLIC SCHOOLS
NORRIS SD 140,Nebraska,NE,NE-NORRIS SD 140
SARPY COUNTY,Nebraska,NE,NE-SARPY COUNTY
SEWARD PUBLIC SCHOOLS,Nebraska,NE,NE-SEWARD PUBLIC SCHOOLS
SPRINGFIELD PLATTEVIEW COMMUNITY SCHOOLS,Nebraska,NE,NE-SPRINGFIELD PLATTEVIEW COMMUNITY SCHOOLS
WESTERN NEBRASKA COMMUNITY COLLEGE,Nebraska,NE,NE-WESTERN NEBRASKA COMMUNITY COLLEGE
CITY OF FERNLEY,Nevada,NV,NV-CITY OF FERNLEY
CLARK COUNTY SD,Nevada,NV,NV-CLARK COUNTY SD
LYON COUNTY SD,Nevada,NV,NV-LYON COUNTY SD
WASHOE COUNTY SD,Nevada,NV,NV-WASHOE COUNTY SD
HOOKSETT SCHOOL DISTRICT - SAU 15,New Hampshire,NH,NH-HOOKSETT SCHOOL DISTRICT - SAU 15
OYSTER RIVER COOPERATIVE SD,New Hampshire,NH,NH-OYSTER RIVER COOPERATIVE SD
BERKELEY HEIGHTS SD,New Jersey,NJ,NJ-BERKELEY HEIGHTS SD
CEDAR GROVE SD,New Jersey,NJ,NJ-CEDAR GROVE SD
CUMBERLAND REGIONAL HS,New Jersey,NJ,NJ-CUMBERLAND REGIONAL HS
MAHWAH TOWNSHIP PUBLIC SCHOOLS,New Jersey,NJ,NJ-MAHWAH TOWNSHIP PUBLIC SCHOOLS
MANTUA TOWNSHIP SCHOOLS,New Jersey,NJ,NJ-MANTUA TOWNSHIP SCHOOLS
NORWOOD PUBLIC SCHOOL,New Jersey,NJ,NJ-NORWOOD PUBLIC SCHOOL
OCEAN COUNTY COLLEGE,New Jersey,NJ,NJ-OCEAN COUNTY COLLEGE
SHAMONG TOWNSHIP SD,New Jersey,NJ,NJ-SHAMONG TOWNSHIP SD
WOODBINE ELEMENTARY SCHOOL,New Jersey,NJ,NJ-WOODBINE ELEMENTARY SCHOOL
SCHOOL OF DREAMS ACADEMY,New Mexico,NM,NM-SCHOOL OF DREAMS ACADEMY
UNIVERSITY OF NEW MEXICO,New Mexico,NM,NM-UNIVERSITY OF NEW MEXICO
ARKPORT CSD,New York,NY,NY-ARKPORT CSD
BALLSTON SPA CSD,New York,NY,NY-BALLSTON SPA CSD
BATAVIA CITY SD,New York,NY,NY-BATAVIA CITY SD
BERNE-KNOX-WESTERLO CSD,New York,NY,NY-BERNE-KNOX-WESTERLO CSD
BETHLEHEM CSD,New York,NY,NY-BETHLEHEM CSD
BLOOMFIELD CSD,New York,NY,NY-BLOOMFIELD CSD
BOQUET VALLEY CSD,New York,NY,NY-BOQUET VALLEY CSD
CAIRO-DURHAM CSD,New York,NY,NY-CAIRO-DURHAM CSD
CAMDEN CSD,New York,NY,NY-CAMDEN CSD
CANAJOHARIE CSD,New York,NY,NY-CANAJOHARIE CSD
CARTHAGE CSD,New York,NY,NY-CARTHAGE CSD
CLINTON CSD,New York,NY,NY-CLINTON CSD
COOPERSTOWN CSD,New York,NY,NY-COOPERSTOWN CSD
DUANESBURG CSD,New York,NY,NY-DUANESBURG CSD
EAST HAMPTON UNION FREE SD,New York,NY,NY-E HAMPTON UNION FREE SD
GALWAY CSD,New York,NY,NY-GALWAY CSD
GLOVERSVILLE ENLARGED SD,New York,NY,NY-GLOVERSVILLE ENLARGED SD
GOWANDA CSD,New York,NY,NY-GOWANDA CSD
GRAND ISLAND CSD,New York,NY,NY-GRAND ISLAND CSD
GREEN ISLAND UFSD,New York,NY,NY-GREEN ISLAND UFSD
ICHABOD CRANE CSD,New York,NY,NY-ICHABOD CRANE CSD
IROQUOIS CSD,New York,NY,NY-IROQUOIS CSD
ITHACA CITY SCHOOL DISTRICT,New York,NY,NY-ITHACA CITY SCHOOL DISTRICT
ITHACA COLLEGE,New York,NY,NY-ITHACA COLLEGE
MARION CSD,New York,NY,NY-MARION CSD
MAYFIELD CSD,New York,NY,NY-MAYFIELD CSD
MELROSE FIRE DISTRICT,New York,NY,NY-MELROSE FIRE DISTRICT
MEXICO ACADEMY AND CSD,New York,NY,NY-MEXICO ACADEMY AND CSD
MONTAUK PUBLIC SCHOOL,New York,NY,NY-MONTAUK PUBLIC SCHOOL
NORTH ROSE-WOLCOTT CSD,New York,NY,NY-N ROSE-WOLCOTT CSD
NORTH SHORE CSD,New York,NY,NY-N SHORE CSD
OCM BOCES,New York,NY,NY-OCM BOCES
ONEIDA CITY SD,New York,NY,NY-ONEIDA CITY SD
ONTEORA CSD,New York,NY,NY-ONTEORA CSD
PENFIELD CSD,New York,NY,NY-PENFIELD CSD
PLEASANTVILLE UNION FREE SD,New York,NY,NY-PLEASANTVILLE UNION FREE SD
SAG HARBOR SD,New York,NY,NY-SAG HARBOR SD
SAUQUOIT VALLEY CSD,New York,NY,NY-SAUQUOIT VALLEY CSD
SCARSDALE PUBLIC SCHOOLS,New York,NY,NY-SCARSDALE PUBLIC SCHOOLS
SPENCER-VAN ETTEN CSD,New York,NY,NY-SPENCER-VAN ETTEN CSD
SPRINGVILLE-GRIFFITH INSTITUTE CSD,New York,NY,NY-SPRINGVILLE-GRIFFITH INSTITUTE CSD
SUNY MARITIME,New York,NY,NY-SUNY MARITIME
SWEET HOME CSD,New York,NY,NY-SWEET HOME CSD
THREE VILLAGE CSD,New York,NY,NY-THREE VILLAGE CSD
UNION-ENDICOTT CSD,New York,NY,NY-UNION-ENDICOTT CSD
WATERVLIET CITY SCHOOLS,New York,NY,NY-WATERVLIET CITY SCHOOLS
WEST GENESEE CSD,New York,NY,NY-W GENESEE CSD
WILLIAMSON CSD,New York,NY,NY-WILLIAMSON CSD
WILLSBORO CSD,New York,NY,NY-WILLSBORO CSD
ALAMANCE COMMUNITY COLLEGE,North Carolina,NC,NC-ALAMANCE COMMUNITY COLLEGE
BRUNSWICK COUNTY SCHOOLS,North Carolina,NC,NC-BRUNSWICK COUNTY SCHOOLS
CHARLOTTE-MECKLENBURG SCHOOLS,North Carolina,NC,NC-CHARLOTTE-MECKLENBURG SCHOOLS
CITY OF DURHAM,North Carolina,NC,NC-CITY OF DURHAM
CITY OF HENDERSONVILLE,North Carolina,NC,NC-CITY OF HENDERSONVILLE
CITY OF LENOIR,North Carolina,NC,NC-CITY OF LENOIR
CITY OF MONROE,North Carolina,NC,NC-CITY OF MONROE
GRAND FORKS SD,North Carolina,NC,NC-GRAND FORKS SD
GRANVILLE COUNTY,North Carolina,NC,NC-GRANVILLE COUNTY
MOORE COUNTY,North Carolina,NC,NC-MOORE COUNTY
NEW HANOVER COUNTY SCHOOLS,North Carolina,NC,NC-NEW HANOVER COUNTY SCHOOLS
PITT COUNTY SCHOOLS,North Carolina,NC,NC-PITT COUNTY SCHOOLS
STANLEY COUNTY SCHOOLS,North Carolina,NC,NC-STANLEY COUNTY SCHOOLS
WAKE COUNTY SCHOOLS,North Carolina,NC,NC-WAKE COUNTY SCHOOLS
UNIVERSITY OF NORTH DAKOTA,North Dakota,ND,ND-UNIVERSITY OF N DAKOTA
BEXLEY CITY SCHOOLS,Ohio,OH,OH-BEXLEY CITY SCHOOLS
BRECKSVILLE-BROADVIEW HEIGHTS CITY SD,Ohio,OH,OH-BRECKSVILLE-BROADVIEW HEIGHTS CITY SD
BUCKEYE LOCAL SCHOOL DISTRICT,Ohio,OH,OH-BUCKEYE LOCAL SCHOOL DISTRICT
CITY OF MAUMEE,Ohio,OH,OH-CITY OF MAUMEE
DARKE COUNTY,Ohio,OH,OH-DARKE COUNTY
DELAWARE COUNTY LIBRARY DISTRICT,Ohio,OH,OH-DELAWARE COUNTY LIBRARY DISTRICT
EAST CLEVELAND CITY SD,Ohio,OH,OH-E CLEVELAND CITY SD
GRANVILLE EXEMPTED VILLAGE SD,Ohio,OH,OH-GRANVILLE EXEMPTED VILLAGE SD
INDEPENDENCE LOCAL SCHOOLS,Ohio,OH,OH-INDEPENDENCE LOCAL SCHOOLS
KETTERING CITY SCHOOLS,Ohio,OH,OH-KETTERING CITY SCHOOLS
LAKOTA LOCAL SCHOOLS,Ohio,OH,OH-LAKOTA LOCAL SCHOOLS
PLAIN LOCAL SCHOOLS,Ohio,OH,OH-PLAIN LOCAL SCHOOLS
STRONGVIEW SCHOOLS,Ohio,OH,OH-STRONGVIEW SCHOOLS
UPPER ARLINGTON SCHOOLS,Ohio,OH,OH-UPPER ARLINGTON SCHOOLS
WORTHINGTON SCHOOLS,Ohio,OH,OH-WORTHINGTON SCHOOLS
ANTLERS PUBLIC SCHOOLS,Oklahoma,OK,OK-ANTLERS PUBLIC SCHOOLS
CITY OF BARLTESVILLE,Oklahoma,OK,OK-CITY OF BARLTESVILLE
CITY OF BARTLESVILLE,Oklahoma,OK,OK-CITY OF BARTLESVILLE
CITY OF BROKEN ARROW,Oklahoma,OK,OK-CITY OF BROKEN ARROW
CITY OF EDMOND,Oklahoma,OK,OK-CITY OF EDMOND
CITY OF NORMAN,Oklahoma,OK,OK-CITY OF NORMAN
CITY OF TAHLEQUAH,Oklahoma,OK,OK-CITY OF TAHLEQUAH
COLEMAN PUBLIC SCHOOLS,Oklahoma,OK,OK-COLEMAN PUBLIC SCHOOLS
DEER CREEK SD,Oklahoma,OK,OK-DEER CREEK SD
DEWEY PUBLIC SCHOOLS,Oklahoma,OK,OK-DEWEY PUBLIC SCHOOLS
HENNESSEY PUBLIC SCHOOLS,Oklahoma,OK,OK-HENNESSEY PUBLIC SCHOOLS
INOLA PUBLIC SCHOOLS,Oklahoma,OK,OK-INOLA PUBLIC SCHOOLS
MIAMI PUBLIC SCHOOLS,Oklahoma,OK,OK-MIAMI PUBLIC SCHOOLS
NEWCASTLE PUBLIC SCHOOLS,Oklahoma,OK,OK-NEWCASTLE PUBLIC SCHOOLS
SHARON-MUTUAL PUBLIC SCHOOLS,Oklahoma,OK,OK-SHARON-MUTUAL PUBLIC SCHOOLS
SILO PUBLIC SCHOOLS,Oklahoma,OK,OK-SILO PUBLIC SCHOOLS
SOUTH COFFEYVILLE PUBLIC SCHOOLS,Oklahoma,OK,OK-S COFFEYVILLE PUBLIC SCHOOLS
TULSA PUBLIC SCHOOLS,Oklahoma,OK,OK-TULSA PUBLIC SCHOOLS
WEATHERFORD PUBLIC SCHOOLS,Oklahoma,OK,OK-WEATHERFORD PUBLIC SCHOOLS
BEAVERTON SD,Oregon,OR,OR-BEAVERTON SD
CITY OF CORNELIUS,Oregon,OR,OR-CITY OF CORNELIUS
CITY OF DALLAS,Oregon,OR,OR-CITY OF DALLAS
CITY OF GEARHART,Oregon,OR,OR-CITY OF GEARHART
CITY OF HOOD RIVER,Oregon,OR,OR-CITY OF HOOD RIVER
CITY OF LAKE OSWEGO,Oregon,OR,OR-CITY OF LAKE OSWEGO
CITY OF TIGARD,Oregon,OR,OR-CITY OF TIGARD
CITY OF WEST LINN,Oregon,OR,OR-CITY OF W LINN
HILLSBORO SD,Oregon,OR,OR-HILLSBORO SD
NORTH CLACKAMAS SCHOOLS,Oregon,OR,OR-N CLACKAMAS SCHOOLS
SCAPPOOSE SD,Oregon,OR,OR-SCAPPOOSE SD
SIUSLAW SD,Oregon,OR,OR-SIUSLAW SD
SOUTHERN OREGON UNIVERSITY,Oregon,OR,OR-SOUTHERN OREGON UNIVERSITY
TREASURE VALLEY COMMUNITY COLLEGE,Oregon,OR,OR-TREASURE VALLEY COMMUNITY COLLEGE
TUALATIN HILLS PARK AND RECREATION DISTRICT,Oregon,OR,OR-TUALATIN HILLS PARK AND RECREATION DISTRICT
CITY OF ALLENTOWN,Pennsylvania,PA,PA-CITY OF ALLENTOWN
CUMBERLAND COUNTY,Pennsylvania,PA,PA-CUMBERLAND COUNTY
NORRISTOWN AREA SD,Pennsylvania,PA,PA-NORRISTOWN AREA SD
UNIVERSITY OF PITTSBURGH,Pennsylvania,PA,PA-UNIVERSITY OF PITTSBURGH
BERKELEY COUNTY SD,South Carolina,SC,SC-BERKELEY COUNTY SD
CHARLESTON COUNTY,South Carolina,SC,SC-CHARLESTON COUNTY
CITY OF SUMMERVILLE,South Carolina,SC,SC-CITY OF SUMMERVILLE
CITY OF WATERTOWN,South Carolina,SC,SC-CITY OF WATERTOWN
FAIRFIELD COUNTY,South Carolina,SC,SC-FAIRFIELD COUNTY
LANCASTER COUNTY SD,South Carolina,SC,SC-LANCASTER COUNTY SD
NORMANDY SCHOOLS COLLABORATIVE,South Carolina,SC,SC-NORMANDY SCHOOLS COLLABORATIVE
SPARTANBURG COMMUNITY COLLEGE,South Carolina,SC,SC-SPARTANBURG COMMUNITY COLLEGE
SUMTER SD,South Carolina,SC,SC-SUMTER SD
GROTON AREA SD,South Dakota,SD,SD-GROTON AREA SD
RAPID CITY AREA SCHOOLS,South Dakota,SD,SD-RAPID CITY AREA SCHOOLS
SIOUX FALLS SCHOOL DISTRICT,South Dakota,SD,SD-SIOUX FALLS SCHOOL DISTRICT
UNIVERSITY OF SOUTH DAKOTA,South Dakota,SD,SD-UNIVERSITY OF S DAKOTA
HAMILTON COUNTY SCHOOLS,Tennessee,TN,TN-HAMILTON COUNTY SCHOOLS
MEMPHIS-SHELBY COUNTY SCHOOLS,Tennessee,TN,TN-MEMPHIS-SHELBY COUNTY SCHOOLS
ALBANY ISD,Texas,TX,TX-ALBANY ISD
ARLINGTON ISD,Texas,TX,TX-ARLINGTON ISD
BOYD ISD,Texas,TX,TX-BOYD ISD
BRAZOSPORT COLLEGE,Texas,TX,TX-BRAZOSPORT COLLEGE
BURNET COUNTY,Texas,TX,TX-BURNET COUNTY
CHIRENO ISD,Texas,TX,TX-CHIRENO ISD
CITY OF AUSTIN,Texas,TX,TX-CITY OF AUSTIN
CITY OF BROWNSVILLE,Texas,TX,TX-CITY OF BROWNSVILLE
CITY OF CARROLLTON,Texas,TX,TX-CITY OF CARROLLTON
CITY OF CEDAR PARK,Texas,TX,TX-CITY OF CEDAR PARK
CITY OF CELINA,Texas,TX,TX-CITY OF CELINA
CITY OF COLLEGE STATION,Texas,TX,TX-CITY OF COLLEGE STATION
CITY OF CORPUS CHRISTI,Texas,TX,TX-CITY OF CORPUS CHRISTI
CITY OF DUNCANVILLE,Texas,TX,TX-CITY OF DUNCANVILLE
CITY OF FORT WORTH,Texas,TX,TX-CITY OF FORT WORTH
CITY OF FRIENDSWOOD,Texas,TX,TX-CITY OF FRIENDSWOOD
CITY OF GRAND PRAIRIE,Texas,TX,TX-CITY OF GRAND PRAIRIE
CITY OF KYLE,Texas,TX,TX-CITY OF KYLE
CITY OF LA MARQUE,Texas,TX,TX-CITY OF LA MARQUE
CITY OF LAREDO,Texas,TX,TX-CITY OF LAREDO
CITY OF MAGNOLIA,Texas,TX,TX-CITY OF MAGNOLIA
CITY OF MARBLE FALLS,Texas,TX,TX-CITY OF MARBLE FALLS
CITY OF MARSHALL,Texas,TX,TX-CITY OF MARSHALL
CITY OF NORTH RICHLAND HILLS,Texas,TX,TX-CITY OF N RICHLAND HILLS
CITY OF PALESTINE,Texas,TX,TX-CITY OF PALESTINE
CITY OF RICHARDSON,Texas,TX,TX-CITY OF RICHARDSON
CITY OF SAN ANTONIO,Texas,TX,TX-CITY OF SAN ANTONIO
CITY OF SUGAR LAND,Texas,TX,TX-CITY OF SUGAR LAND
COOPER ISD,Texas,TX,TX-COOPER ISD
CYPRESS-FAIRBANKS ISD,Texas,TX,TX-CYPRESS-FAIRBANKS ISD
DALLAS ISD,Texas,TX,TX-DALLAS ISD
DALLAS LOVE FIELD,Texas,TX,TX-DALLAS LOVE FIELD
EAGLE PASS ISD,Texas,TX,TX-EAGLE PASS ISD
EANES ISD,Texas,TX,TX-EANES ISD
EL PASO ISD,Texas,TX,TX-EL PASO ISD
FORT BEND ISD,Texas,TX,TX-FORT BEND ISD
FREDERICKSBURG ISD,Texas,TX,TX-FREDERICKSBURG ISD
GATESVILLE ISD,Texas,TX,TX-GATESVILLE ISD
GRAHAM ISD,Texas,TX,TX-GRAHAM ISD
GRAPEVINE-COLLEYVILLE ISD,Texas,TX,TX-GRAPEVINE-COLLEYVILLE ISD
HAYS COUNTY,Texas,TX,TX-HAYS COUNTY
HEREFORD ISD,Texas,TX,TX-HEREFORD ISD
HOUSTON ISD,Texas,TX,TX-HOUSTON ISD
KELLER ISD,Texas,TX,TX-KELLER ISD
KILLEEN ISD,Texas,TX,TX-KILLEEN ISD
LA JOYA ISD,Texas,TX,TX-LA JOYA ISD
LAMPASAS ISD,Texas,TX,TX-LAMPASAS ISD
LANCASTER ISD,Texas,TX,TX-LANCASTER ISD
LAREDO COLLEGE,Texas,TX,TX-LAREDO COLLEGE
LEANDER ISD,Texas,TX,TX-LEANDER ISD
LUFKIN ISD,Texas,TX,TX-LUFKIN ISD
MCALLEN ISD,Texas,TX,TX-MCALLEN ISD
MCKINNEY ISD,Texas,TX,TX-MCKINNEY ISD
MIDLAND COUNTY UTILITY DISTRICT,Texas,TX,TX-MIDLAND COUNTY UTILITY DISTRICT
MIDWAY ISD,Texas,TX,TX-MIDWAY ISD
NAVARRO ISD,Texas,TX,TX-NAVARRO ISD
NEW CANEY ISD,Texas,TX,TX-NEW CANEY ISD
PILOT POINT ISD,Texas,TX,TX-PILOT POINT ISD
PONDER ISD,Texas,TX,TX-PONDER ISD
POTTER COUNTY,Texas,TX,TX-POTTER COUNTY
SAN ANTONIO ISD,Texas,TX,TX-SAN ANTONIO ISD
SCHERTZ-CIBOLO-UNIVERSAL CITY ISD,Texas,TX,TX-SCHERTZ-CIBOLO-UNIVERSAL CITY ISD
SEGUIN ISD,Texas,TX,TX-SEGUIN ISD
SHARYLAND ISD,Texas,TX,TX-SHARYLAND ISD
SNOOK ISD,Texas,TX,TX-SNOOK ISD
STEPHEN F AUSTIN STATE UNIVERSITY,Texas,TX,TX-STEPHEN F AUSTIN STATE UNIVERSITY
TEXHOMA ISD,Texas,TX,TX-TEXHOMA ISD
TOWN OF ADDISON,Texas,TX,TX-TOWN OF ADDISON
UNIVERSITY OF TEXAS AT AUSTIN,Texas,TX,TX-UNIVERSITY OF TEXAS AT AUSTIN
VICTORIA COUNTY,Texas,TX,TX-VICTORIA COUNTY
VICTORIA ISD,Texas,TX,TX-VICTORIA ISD
WASKOM ISD,Texas,TX,TX-WASKOM ISD
WESTBROOK ISD,Texas,TX,TX-WESTBROOK ISD
BOX ELDER SCHOOL DISTRICT,Utah,UT,UT-BOX ELDER SCHOOL DISTRICT
SALT LAKE CITY PUBLIC LIBRARY,Utah,UT,UT-SALT LAKE CITY PUBLIC LIBRARY
SALT LAKE COUNTY,Utah,UT,UT-SALT LAKE COUNTY
LITTLETON SCHOOL DISTRICT SAU 84,Vermont,VT,VT-LITTLETON SCHOOL DISTRICT SAU 84
MOUNTAIN VIEWS SUPERVISORY UNION,Vermont,VT,VT-MOUNTAIN VIEWS SUPERVISORY UNION
ORLEANS CENTRAL SUPERVISORY UNION,Vermont,VT,VT-ORLEANS CENTRAL SUPERVISORY UNION
TACONIC AND GREEN REGIONAL SCHOOL DISTRICT,Vermont,VT,VT-TACONIC AND GREEN REGIONAL SCHOOL DISTRICT
TOWN OF WOODSTOCK,Vermont,VT,VT-TOWN OF WOODSTOCK
ARLINGTON PUBLIC SCHOOLS,Virginia,VA,VA-ARLINGTON PUBLIC SCHOOLS
CAROLINE COUNTY PUBLIC SCHOOLS,Virginia,VA,VA-CAROLINE COUNTY PUBLIC SCHOOLS
CITY OF FALLS CHURCH,Virginia,VA,VA-CITY OF FALLS CHURCH
FAIRFAX COUNTY,Virginia,VA,VA-FAIRFAX COUNTY
NORFOLK PUBLIC SCHOOLS,Virginia,VA,VA-NORFOLK PUBLIC SCHOOLS
PRINCE WILLIAM COUNTY,Virginia,VA,VA-PRINCE WILLIAM COUNTY
RICHMOND PUBLIC SCHOOLS,Virginia,VA,VA-RICHMOND PUBLIC SCHOOLS
BELLINGHAM SD,Washington,WA,WA-BELLINGHAM SD
CENTRAL KITSAP SD,Washington,WA,WA-CENTRAL KITSAP SD
CITY OF SHORELINE,Washington,WA,WA-CITY OF SHORELINE
CLE ELUM-ROSLYN SD,Washington,WA,WA-CLE ELUM-ROSLYN SD
EAST VALLEY SD,Washington,WA,WA-E VALLEY SD
EASTERN WV COMMUNITY AND TECHNICAL COLLEGE,Washington,WA,WA-EASTERN WV COMMUNITY AND TECHNICAL COLLEGE
EASTMONT SD,Washington,WA,WA-EASTMONT SD
EPHRATA SCHOOL DISTRICT 165,Washington,WA,WA-EPHRATA SCHOOL DISTRICT 165
EVERETT PUBLIC SCHOOLS,Washington,WA,WA-EVERETT PUBLIC SCHOOLS
HIGHLINE PUBLIC SCHOOLS,Washington,WA,WA-HIGHLINE PUBLIC SCHOOLS
ISSAQUAH SD 411,Washington,WA,WA-ISSAQUAH SD 411
MCCLEARY SD,Washington,WA,WA-MCCLEARY SD
MONROE SD,Washington,WA,WA-MONROE SD
MUKILTEO SCHOOL DISTRICT,Washington,WA,WA-MUKILTEO SCHOOL DISTRICT
NEWPORT SD,Washington,WA,WA-NEWPORT SD
NORTH KITSAP SD,Washington,WA,WA-N KITSAP SD
NORTHSHORE SCHOOL DISTRICT,Washington,WA,WA-NORTHSHORE SCHOOL DISTRICT
OAK HARBOR PUBLIC SCHOOLS,Washington,WA,WA-OAK HARBOR PUBLIC SCHOOLS
OCEAN BEACH SD,Washington,WA,WA-OCEAN BEACH SD
OLYMPIA SCHOOL DISTRICT,Washington,WA,WA-OLYMPIA SCHOOL DISTRICT
PORT TOWNSEND SD,Washington,WA,WA-PORT TOWNSEND SD
REARDAN-EDWALL SD,Washington,WA,WA-REARDAN-EDWALL SD
RIVERVIEW SD,Washington,WA,WA-RIVERVIEW SD
SOUTH COUNTY FIRE SNOHOMISH,Washington,WA,WA-S COUNTY FIRE SNOHOMISH
UNIVERSITY PLACE SD,Washington,WA,WA-UNIVERSITY PLACE SD
WENATCHEE SCHOOL DISTRICT,Washington,WA,WA-WENATCHEE SCHOOL DISTRICT
WEST VALLEY SD,Washington,WA,WA-W VALLEY SD
WHITE SALMON SD,Washington,WA,WA-WHITE SALMON SD
YAKIMA SD,Washington,WA,WA-YAKIMA SD
PRESTON COUNTY,West Virginia,WV,WV-PRESTON COUNTY
ALTOONA SD,Wisconsin,WI,WI-ALTOONA SD
BELOIT SD,Wisconsin,WI,WI-BELOIT SD
BLOOMER SD,Wisconsin,WI,WI-BLOOMER SD
DE SOTO AREA SD,Wisconsin,WI,WI-DE SOTO AREA SD
HOWARD-SUAMICO SD,Wisconsin,WI,WI-HOWARD-SUAMICO SD
MILWAUKEE COUNTY,Wisconsin,WI,WI-MILWAUKEE COUNTY
MILWAUKEE PUBLIC SCHOOLS,Wisconsin,WI,WI-MILWAUKEE PUBLIC SCHOOLS
WHITEFISH BAY SD,Wisconsin,WI,WI-WHITEFISH BAY SD
WINNEBAGO COUNTY,Wisconsin,WI,WI-WINNEBAGO COUNTY
